track,arm,method,benchmark,stream,adapt_stage,eval_cohort,run,n_tasks,score_sum,passes,score_pct,pass_pct,recorded_tokens,trials_with_tokens,recorded_seconds,trials_with_seconds
skills,meta,Meta-Harness,eog,csm,1,1,1,12,7.033334,0,58.611117,0.0,3374584,12,1247.5,12
skills,meta,Meta-Harness,eog,csm,1,1,2,12,6.633334,0,55.277783,0.0,3428186,12,1209.1,12
skills,meta,Meta-Harness,eog,csm,1,1,3,12,7.033334,0,58.611117,0.0,2364667,12,1069.6,12
skills,meta,Meta-Harness,eog,csm,1,2,1,13,8.64394,3,66.491846,23.076923,2460147,13,1240.3,13
skills,meta,Meta-Harness,eog,csm,1,2,2,13,9.735607,5,74.889285,38.461538,2601062,13,1522.5,13
skills,meta,Meta-Harness,eog,csm,1,2,3,13,8.252272999999999,2,63.479023,15.384615,2701596,13,1537.4,13
skills,meta,Meta-Harness,eog,csm,2,1,1,12,6.533334,0,54.44445,0.0,3781088,12,1256.0,12
skills,meta,Meta-Harness,eog,csm,2,1,2,12,6.833334,0,56.94445,0.0,3559269,12,1172.5,12
skills,meta,Meta-Harness,eog,csm,2,1,3,12,6.733333999999999,2,56.111117,16.666667,2186295,12,1017.8,12
skills,meta,Meta-Harness,eog,csm,2,2,1,13,8.102273,3,62.325177,23.076923,2579796,13,1080.4,13
skills,meta,Meta-Harness,eog,csm,2,2,2,13,8.702273,3,66.940562,23.076923,2583097,13,1208.3,13
skills,meta,Meta-Harness,eog,csm,2,2,3,13,8.01894,3,61.684154,23.076923,2293969,13,1204.1,13
skills,meta,Meta-Harness,eog,csm,2,3,1,11,8.0,4,72.727273,36.363636,3320266,11,2013.8,11
skills,meta,Meta-Harness,eog,csm,2,3,2,11,8.511111999999999,3,77.373745,27.272727,2978197,11,1507.9,11
skills,meta,Meta-Harness,eog,csm,2,3,3,11,8.422223,4,76.565664,36.363636,2788468,11,1409.3,11
skills,meta,Meta-Harness,eog,csm,3,1,1,12,6.533333999999999,1,54.44445,8.333333,3961558,12,1022.6,12
skills,meta,Meta-Harness,eog,csm,3,1,2,12,6.833334,0,56.94445,0.0,4044154,12,1164.4,12
skills,meta,Meta-Harness,eog,csm,3,1,3,12,6.333334,0,52.777783,0.0,3658425,12,1027.9,12
skills,meta,Meta-Harness,eog,csm,3,2,1,13,8.243939999999998,3,63.414923,23.076923,2519337,13,1086.9,13
skills,meta,Meta-Harness,eog,csm,3,2,2,13,8.452272999999998,3,65.017485,23.076923,2735228,13,1212.7,13
skills,meta,Meta-Harness,eog,csm,3,2,3,13,9.61894,5,73.991846,38.461538,2881083,13,1095.6,13
skills,meta,Meta-Harness,eog,csm,3,3,1,11,8.133334000000001,4,73.9394,36.363636,3888010,11,1392.9,11
skills,meta,Meta-Harness,eog,csm,3,3,2,11,8.022223,3,72.9293,27.272727,3269085,11,1508.2,11
skills,meta,Meta-Harness,eog,csm,3,3,3,11,8.222223,3,74.747482,27.272727,3500741,11,1301.4,11
skills,meta,Meta-Harness,eog,hr,1,1,1,11,6.750001000000001,2,61.363645,18.181818,1671971,11,885.1,11
skills,meta,Meta-Harness,eog,hr,1,1,2,11,7.666667,5,69.696973,45.454545,1734138,11,982.7,11
skills,meta,Meta-Harness,eog,hr,1,1,3,11,7.166667,3,65.151518,27.272727,1876168,11,955.9,11
skills,meta,Meta-Harness,eog,hr,1,2,1,22,12.054762,4,54.794373,18.181818,4849436,22,2299.1,22
skills,meta,Meta-Harness,eog,hr,1,2,2,22,13.014286000000002,5,59.155845,22.727273,4385895,22,2035.4,22
skills,meta,Meta-Harness,eog,hr,1,2,3,22,12.480953000000001,4,56.731605,18.181818,4553030,22,2420.9,22
skills,meta,Meta-Harness,eog,hr,2,1,1,11,7.000001000000001,3,63.636373,27.272727,1787163,11,953.3,11
skills,meta,Meta-Harness,eog,hr,2,1,2,11,7.125001000000001,3,64.772736,27.272727,1814555,11,943.5,11
skills,meta,Meta-Harness,eog,hr,2,1,3,11,7.541667,4,68.560609,36.363636,1892813,11,916.3,11
skills,meta,Meta-Harness,eog,hr,2,2,1,22,11.714286,4,53.246755,18.181818,4637165,22,2120.0,22
skills,meta,Meta-Harness,eog,hr,2,2,2,22,11.578572000000001,3,52.629873,13.636364,4464646,22,1947.2,22
skills,meta,Meta-Harness,eog,hr,2,2,3,22,12.454762000000002,5,56.612555,22.727273,5320195,22,2466.4,22
skills,meta,Meta-Harness,eog,hr,2,3,1,20,11.657172999999998,3,58.285865,15.0,5944422,20,2387.5,20
skills,meta,Meta-Harness,eog,hr,2,3,2,20,13.098933,2,65.494665,10.0,6555971,20,2612.9,20
skills,meta,Meta-Harness,eog,hr,2,3,3,20,11.962028,2,59.81014,10.0,6081234,20,2962.6,20
skills,meta,Meta-Harness,eog,hr,3,1,1,11,8.083334,5,73.484855,45.454545,1956872,11,1029.2,11
skills,meta,Meta-Harness,eog,hr,3,1,2,11,7.375001000000001,2,67.045464,18.181818,2024074,11,958.8,11
skills,meta,Meta-Harness,eog,hr,3,1,3,11,6.708334000000001,1,60.984855,9.090909,1831048,11,976.6,11
skills,meta,Meta-Harness,eog,hr,3,2,1,22,12.788095000000002,6,58.127705,27.272727,4874106,22,2311.0,22
skills,meta,Meta-Harness,eog,hr,3,2,2,22,12.930953,5,58.777059,22.727273,4471846,22,2561.7,22
skills,meta,Meta-Harness,eog,hr,3,2,3,22,12.680953,5,57.640695,22.727273,5075967,22,2312.4,22
skills,meta,Meta-Harness,eog,hr,3,3,1,20,12.741789,2,63.708945,10.0,6513707,20,2423.6,20
skills,meta,Meta-Harness,eog,hr,3,3,2,20,12.801220999999998,2,64.006105,10.0,6224007,20,2430.6,20
skills,meta,Meta-Harness,eog,hr,3,3,3,20,12.29179,3,61.45895,15.0,5752035,20,2603.0,20
skills,meta,Meta-Harness,eog,itsm,1,1,1,13,4.6,0,35.384615,0.0,2220974,13,1070.1,13
skills,meta,Meta-Harness,eog,itsm,1,1,2,13,5.266667,2,40.512823,15.384615,2014536,13,1198.9,13
skills,meta,Meta-Harness,eog,itsm,1,1,3,13,3.933333,0,30.256408,0.0,2047703,13,944.5,13
skills,meta,Meta-Harness,eog,itsm,1,2,1,20,12.000001000000001,3,60.000005,15.0,4235769,20,1956.0,20
skills,meta,Meta-Harness,eog,itsm,1,2,2,20,12.666668000000001,3,63.33334,15.0,3919899,20,2008.4,20
skills,meta,Meta-Harness,eog,itsm,1,2,3,20,13.200001000000002,5,66.000005,25.0,4209908,20,2621.9,20
skills,meta,Meta-Harness,eog,itsm,2,1,1,13,5.1,1,39.230769,7.692308,2212732,13,1034.5,13
skills,meta,Meta-Harness,eog,itsm,2,1,2,13,4.766667,1,36.666669,7.692308,2085610,13,843.3,13
skills,meta,Meta-Harness,eog,itsm,2,1,3,13,6.016667,2,46.282054,15.384615,2481431,13,869.0,13
skills,meta,Meta-Harness,eog,itsm,2,2,1,20,12.833334,5,64.16667,25.0,4490999,20,1793.8,20
skills,meta,Meta-Harness,eog,itsm,2,2,2,20,13.700000000000001,6,68.5,30.0,4768115,20,1907.4,20
skills,meta,Meta-Harness,eog,itsm,2,2,3,20,13.366667000000001,5,66.833335,25.0,4441318,20,1648.5,20
skills,meta,Meta-Harness,eog,itsm,2,3,1,15,8.357142,4,55.71428,26.666667,2447028,15,1206.8,15
skills,meta,Meta-Harness,eog,itsm,2,3,2,15,6.133331999999999,2,40.88888,13.333333,2279835,15,1266.8,15
skills,meta,Meta-Harness,eog,itsm,2,3,3,15,7.533333,3,50.22222,20.0,2526453,15,2384.8,15
skills,meta,Meta-Harness,eog,itsm,3,1,1,13,5.433332999999999,1,41.794869,7.692308,2668007,13,1220.5,13
skills,meta,Meta-Harness,eog,itsm,3,1,2,13,4.6,1,35.384615,7.692308,2677062,13,811.0,13
skills,meta,Meta-Harness,eog,itsm,3,1,3,13,5.433333999999999,1,41.794877,7.692308,2974173,13,1175.3,13
skills,meta,Meta-Harness,eog,itsm,3,2,1,20,12.5,5,62.5,25.0,5073623,20,2343.1,20
skills,meta,Meta-Harness,eog,itsm,3,2,2,20,12.833334,5,64.16667,25.0,4136938,20,1501.3,20
skills,meta,Meta-Harness,eog,itsm,3,2,3,20,13.033334000000002,4,65.16667,20.0,5068537,20,1804.5,20
skills,meta,Meta-Harness,eog,itsm,3,3,1,15,7.533333000000001,4,50.22222,26.666667,3013621,15,1339.1,15
skills,meta,Meta-Harness,eog,itsm,3,3,2,15,8.749998999999999,5,58.333327,33.333333,3011138,15,1249.4,15
skills,meta,Meta-Harness,eog,itsm,3,3,3,15,9.507143,3,63.380953,20.0,2794802,15,1206.2,15
skills,meta,Meta-Harness,eog,itsm,3,4,1,11,6.696429,1,60.876627,9.090909,3168074,11,1229.0,11
skills,meta,Meta-Harness,eog,itsm,3,4,2,11,6.779763,2,61.634209,18.181818,2712533,11,1260.7,11
skills,meta,Meta-Harness,eog,itsm,3,4,3,11,5.922619999999999,2,53.842,18.181818,2893188,11,1139.3,11
skills,meta,Meta-Harness,eog,itsm,4,1,1,13,5.183333,1,39.871792,7.692308,2650953,13,1060.7,13
skills,meta,Meta-Harness,eog,itsm,4,1,2,13,4.766666,1,36.666662,7.692308,2863963,13,1049.5,13
skills,meta,Meta-Harness,eog,itsm,4,1,3,13,4.433333,1,34.102562,7.692308,2728902,13,980.2,13
skills,meta,Meta-Harness,eog,itsm,4,2,1,20,12.116667000000001,3,60.583335,15.0,5757204,20,1888.1,20
skills,meta,Meta-Harness,eog,itsm,4,2,2,20,12.116667000000001,4,60.583335,20.0,4753979,20,1615.7,20
skills,meta,Meta-Harness,eog,itsm,4,2,3,20,13.366667000000001,5,66.833335,25.0,4714742,20,1735.0,20
skills,meta,Meta-Harness,eog,itsm,4,3,1,15,8.783334,4,58.55556,26.666667,3040281,15,1140.3,15
skills,meta,Meta-Harness,eog,itsm,4,3,2,15,7.883332,5,52.555547,33.333333,2598269,15,905.8,15
skills,meta,Meta-Harness,eog,itsm,4,3,3,15,7.083334,1,47.222227,6.666667,2599071,15,1058.2,15
skills,meta,Meta-Harness,eog,itsm,4,4,1,11,7.130953,3,64.826845,27.272727,3028523,11,1096.9,11
skills,meta,Meta-Harness,eog,itsm,4,4,2,11,7.04762,4,64.069273,36.363636,2954591,11,948.8,11
skills,meta,Meta-Harness,eog,itsm,4,4,3,11,5.404762999999999,1,49.134209,9.090909,2730922,11,834.4,11
skills,meta,Meta-Harness,ale,ale,1,1,1,10,5.777785,2,57.77785,20.0,7939562,10,4293.7,10
skills,meta,Meta-Harness,ale,ale,1,1,2,10,6.1174349999999995,3,61.17435,30.0,6380198,10,2513.7,10
skills,meta,Meta-Harness,ale,ale,1,1,3,10,5.499452,2,54.99452,20.0,6956220,10,3026.8,10
skills,meta,Meta-Harness,ale,ale,1,2,1,7,0.335723,0,4.796043,0.0,10275785,7,3894.3,7
skills,meta,Meta-Harness,ale,ale,1,2,2,7,0.909971,0,12.999586,0.0,7492709,7,5359.0,7
skills,meta,Meta-Harness,ale,ale,1,2,3,7,0.413716,0,5.910229,0.0,8108356,7,4410.8,7
skills,meta,Meta-Harness,ale,ale,2,1,1,10,6.033284999999999,3,60.33285,30.0,6527671,10,2806.7,10
skills,meta,Meta-Harness,ale,ale,2,1,2,10,5.499543,2,54.99543,20.0,8131637,10,2910.8,10
skills,meta,Meta-Harness,ale,ale,2,1,3,10,5.769968,2,57.69968,20.0,10800027,10,3189.0,10
skills,meta,Meta-Harness,ale,ale,2,2,1,7,0.599431,0,8.5633,0.0,10996187,7,3877.0,7
skills,meta,Meta-Harness,ale,ale,2,2,2,7,0.963371,0,13.762443,0.0,11449568,7,4172.6,7
skills,meta,Meta-Harness,ale,ale,2,2,3,7,1.4000000000000001,1,20.0,14.285714,10415088,7,5590.3,7
skills,meta,Meta-Harness,ale,ale,2,3,1,10,4.359167,3,43.59167,30.0,8954656,10,3356.9,10
skills,meta,Meta-Harness,ale,ale,2,3,2,10,4.070834,3,40.70834,30.0,7344120,10,3487.7,10
skills,meta,Meta-Harness,ale,ale,2,3,3,10,3.188333,2,31.88333,20.0,10136950,10,4731.3,10
skills,meta,Meta-Harness,ale,ale,3,1,1,10,5.550967,2,55.50967,20.0,6280542,10,2429.5,10
skills,meta,Meta-Harness,ale,ale,3,1,2,10,5.897035000000001,3,58.97035,30.0,8112663,10,2913.1,10
skills,meta,Meta-Harness,ale,ale,3,1,3,10,5.840035,3,58.40035,30.0,4776651,10,2922.7,10
skills,meta,Meta-Harness,ale,ale,3,2,1,7,1.466666,1,20.952371,14.285714,6550136,7,2722.7,7
skills,meta,Meta-Harness,ale,ale,3,2,2,7,0.4,0,5.714286,0.0,8235039,7,4247.1,7
skills,meta,Meta-Harness,ale,ale,3,2,3,7,1.32707,1,18.958143,14.285714,9750793,7,4268.1,7
skills,meta,Meta-Harness,ale,ale,3,3,1,10,3.022222,1,30.22222,10.0,11709416,10,3725.4,10
skills,meta,Meta-Harness,ale,ale,3,3,2,10,2.538056,1,25.38056,10.0,14075397,10,3675.4,10
skills,meta,Meta-Harness,ale,ale,3,3,3,10,3.416894,2,34.16894,20.0,10621985,10,4450.1,10
skills,meta,Meta-Harness,ale,ale,3,4,1,20,4.758973,0,23.794865,0.0,32384967,20,13058.7,20
skills,meta,Meta-Harness,ale,ale,3,4,2,20,4.2744800000000005,0,21.3724,0.0,23810439,20,18641.9,20
skills,meta,Meta-Harness,ale,ale,3,4,3,20,4.461329000000001,1,22.306645,5.0,26563212,19,21691.3,20
skills,meta,Meta-Harness,ale,ale,4,1,1,10,6.090785,3,60.90785,30.0,7232606,10,2423.0,10
skills,meta,Meta-Harness,ale,ale,4,1,2,10,5.124018,3,51.24018,30.0,6946528,10,3020.1,10
skills,meta,Meta-Harness,ale,ale,4,1,3,10,5.828785,3,58.28785,30.0,6451069,10,2515.1,10
skills,meta,Meta-Harness,ale,ale,4,2,1,7,0.6334329999999999,0,9.049043,0.0,13091053,7,5344.3,7
skills,meta,Meta-Harness,ale,ale,4,2,2,7,1.4000000000000001,1,20.0,14.285714,7296674,7,2870.4,7
skills,meta,Meta-Harness,ale,ale,4,2,3,7,1.9645110000000003,1,28.064443,14.285714,10183963,7,5769.7,7
skills,meta,Meta-Harness,ale,ale,4,3,1,10,3.5300000000000002,2,35.3,20.0,15831903,10,3737.2,10
skills,meta,Meta-Harness,ale,ale,4,3,2,10,3.6430559999999996,2,36.43056,20.0,9638564,10,3262.0,10
skills,meta,Meta-Harness,ale,ale,4,3,3,10,3.413889,2,34.13889,20.0,8993324,10,4233.9,10
skills,meta,Meta-Harness,ale,ale,4,4,1,20,4.716043,0,23.580215,0.0,22980032,20,11691.2,20
skills,meta,Meta-Harness,ale,ale,4,4,2,20,5.2005609999999995,1,26.002805,5.0,20608082,20,11020.7,20
skills,meta,Meta-Harness,ale,ale,4,4,3,20,3.3339979999999994,0,16.66999,0.0,25787611,20,11521.2,20
skills,meta,Meta-Harness,ale,ale,4,5,1,3,0.831,0,27.7,0.0,9094236,3,6258.8,3
skills,meta,Meta-Harness,ale,ale,4,5,2,3,0.0,0,0.0,0.0,3866026,3,2163.6,3
skills,meta,Meta-Harness,ale,ale,4,5,3,3,0.0,0,0.0,0.0,2446365,3,1678.7,3
skills,meta,Meta-Harness,ale,ale,5,1,1,10,5.947535,3,59.47535,30.0,5955413,10,2302.5,10
skills,meta,Meta-Harness,ale,ale,5,1,2,10,5.769285,2,57.69285,20.0,5110930,10,1991.9,10
skills,meta,Meta-Harness,ale,ale,5,1,3,10,5.998118,3,59.98118,30.0,6284589,10,2352.0,10
skills,meta,Meta-Harness,ale,ale,5,2,1,7,1.5152230000000002,1,21.646043,14.285714,11221376,7,5851.9,7
skills,meta,Meta-Harness,ale,ale,5,2,2,7,1.714814,1,24.497343,14.285714,9448821,7,3720.1,7
skills,meta,Meta-Harness,ale,ale,5,2,3,7,1.6882540000000001,1,24.117914,14.285714,7972021,7,3985.5,7
skills,meta,Meta-Harness,ale,ale,5,3,1,10,3.209167,2,32.09167,20.0,10096055,10,2566.1,10
skills,meta,Meta-Harness,ale,ale,5,3,2,10,3.6310599999999997,2,36.3106,20.0,7852595,10,2547.2,10
skills,meta,Meta-Harness,ale,ale,5,3,3,10,2.243056,1,22.43056,10.0,11770962,10,4048.9,10
skills,meta,Meta-Harness,ale,ale,5,4,1,20,5.349242,1,26.74621,5.0,25257753,20,12480.9,20
skills,meta,Meta-Harness,ale,ale,5,4,2,20,4.171493,0,20.857465,0.0,27522039,20,11228.8,20
skills,meta,Meta-Harness,ale,ale,5,4,3,20,6.049613000000001,2,30.248065,10.0,36730899,20,14473.2,20
skills,meta,Meta-Harness,ale,ale,5,5,1,3,0.0,0,0.0,0.0,3534705,3,3564.0,3
skills,meta,Meta-Harness,ale,ale,5,5,2,3,0.8129,0,27.096667,0.0,5675589,3,4665.6,3
skills,meta,Meta-Harness,ale,ale,5,5,3,3,0.0,0,0.0,0.0,6849079,3,4976.1,3
skills,meta,Meta-Harness,ale,ale,5,6,1,18,2.5141600000000004,0,13.967556,0.0,23223336,18,12326.7,18
skills,meta,Meta-Harness,ale,ale,5,6,2,18,3.170784,0,17.615467,0.0,22752183,17,21776.9,18
skills,meta,Meta-Harness,ale,ale,5,6,3,18,4.217078,0,23.428211,0.0,32383778,18,15220.7,18
skills,meta,Meta-Harness,ale,ale,6,1,1,10,5.232285,2,52.32285,20.0,9983075,10,3928.8,10
skills,meta,Meta-Harness,ale,ale,6,1,2,10,6.002535,2,60.02535,20.0,6864153,10,2824.6,10
skills,meta,Meta-Harness,ale,ale,6,1,3,10,5.674468,3,56.74468,30.0,7379655,10,2710.9,10
skills,meta,Meta-Harness,ale,ale,6,2,1,7,0.333333,0,4.7619,0.0,7356745,7,3617.1,7
skills,meta,Meta-Harness,ale,ale,6,2,2,7,1.485185,1,21.216929,14.285714,9161198,7,3139.2,7
skills,meta,Meta-Harness,ale,ale,6,2,3,7,1.4682140000000001,1,20.974486,14.285714,8302429,7,4670.5,7
skills,meta,Meta-Harness,ale,ale,6,3,1,10,3.504167,2,35.04167,20.0,10097826,10,3810.3,10
skills,meta,Meta-Harness,ale,ale,6,3,2,10,2.198056,1,21.98056,10.0,10728613,10,4048.5,10
skills,meta,Meta-Harness,ale,ale,6,3,3,10,3.323333,2,33.23333,20.0,11988263,10,3353.3,10
skills,meta,Meta-Harness,ale,ale,6,4,1,20,4.486961,0,22.434805,0.0,30745226,20,19120.9,20
skills,meta,Meta-Harness,ale,ale,6,4,2,20,5.667187,1,28.335935,5.0,28029528,20,10089.2,20
skills,meta,Meta-Harness,ale,ale,6,4,3,20,6.035628000000001,1,30.17814,5.0,28997963,20,13653.2,20
skills,meta,Meta-Harness,ale,ale,6,5,1,3,0.8419,0,28.063333,0.0,3534954,3,2276.3,3
skills,meta,Meta-Harness,ale,ale,6,5,2,3,0.0,0,0.0,0.0,4536359,3,1851.5,3
skills,meta,Meta-Harness,ale,ale,6,5,3,3,0.0,0,0.0,0.0,3955642,3,2988.3,3
skills,meta,Meta-Harness,ale,ale,6,6,1,18,1.9439,0,10.799444,0.0,33591210,18,12838.7,18
skills,meta,Meta-Harness,ale,ale,6,6,2,18,1.505,0,8.361111,0.0,26678043,18,13816.1,18
skills,meta,Meta-Harness,ale,ale,6,6,3,18,3.483848,0,19.354711,0.0,27688476,18,13183.1,18
