track,arm,benchmark,stream,adapt_stage,eval_cohort,run,task_id,score,success,recorded_tokens,recorded_seconds
skills,skillopt,eog,csm,1,1,1,task_20251208_035402_755_ad5a67e3_8ca9a646,0.0,0,47667,0
skills,skillopt,eog,csm,1,1,1,task_20251208_072220_004_99ba2325_74403162,0.2,0,85414,0
skills,skillopt,eog,csm,1,1,1,task_20251208_102635_187_c4ad7a70_43753a9a,0.666667,0,39783,0
skills,skillopt,eog,csm,1,1,1,task_20251208_123126_960_c4ad7a70_f974dae7,0.5,0,29752,0
skills,skillopt,eog,csm,1,1,1,task_20251209_085836_811_a8eea1c0_6bbced3d,0.8,0,58886,0
skills,skillopt,eog,csm,1,1,1,task_20251210_002938_761_897c3e0b_f075229a,0.777778,0,114993,0
skills,skillopt,eog,csm,1,1,1,task_20251212_011224_384_accab84d_4ad9b557,0.4,0,37335,0
skills,skillopt,eog,csm,1,1,1,task_20260102_031908_712_accab84d_886a7365,0.777778,0,73284,0
skills,skillopt,eog,csm,1,1,1,task_20260102_100510_709_66392a82_3d301c18,0.8,0,102334,0
skills,skillopt,eog,csm,1,1,1,task_20260102_162857_012_391f1eff_39478d55,0.5,0,28041,0
skills,skillopt,eog,csm,1,1,1,task_20260106_073527_320_e6427839_e2e2ac8d,0.5,0,25910,0
skills,skillopt,eog,csm,1,1,1,task_20260121_183027_058_1afb323a_c53cb400,0.6,0,32823,0
skills,skillopt,eog,csm,1,1,2,task_20251208_035402_755_ad5a67e3_8ca9a646,0.0,0,46395,0
skills,skillopt,eog,csm,1,1,2,task_20251208_072220_004_99ba2325_74403162,0.2,0,57028,0
skills,skillopt,eog,csm,1,1,2,task_20251208_102635_187_c4ad7a70_43753a9a,0.666667,0,29321,0
skills,skillopt,eog,csm,1,1,2,task_20251208_123126_960_c4ad7a70_f974dae7,0.5,0,25382,0
skills,skillopt,eog,csm,1,1,2,task_20251209_085836_811_a8eea1c0_6bbced3d,0.8,0,57349,0
skills,skillopt,eog,csm,1,1,2,task_20251210_002938_761_897c3e0b_f075229a,0.888889,0,116496,0
skills,skillopt,eog,csm,1,1,2,task_20251212_011224_384_accab84d_4ad9b557,0.6,0,66709,0
skills,skillopt,eog,csm,1,1,2,task_20260102_031908_712_accab84d_886a7365,0.777778,0,64039,0
skills,skillopt,eog,csm,1,1,2,task_20260102_100510_709_66392a82_3d301c18,0.8,0,51814,0
skills,skillopt,eog,csm,1,1,2,task_20260102_162857_012_391f1eff_39478d55,0.5,0,28528,0
skills,skillopt,eog,csm,1,1,2,task_20260106_073527_320_e6427839_e2e2ac8d,0.5,0,31176,0
skills,skillopt,eog,csm,1,1,2,task_20260121_183027_058_1afb323a_c53cb400,0.6,0,43966,0
skills,skillopt,eog,csm,1,1,3,task_20251208_035402_755_ad5a67e3_8ca9a646,0.0,0,49622,0
skills,skillopt,eog,csm,1,1,3,task_20251208_072220_004_99ba2325_74403162,0.2,0,53204,0
skills,skillopt,eog,csm,1,1,3,task_20251208_102635_187_c4ad7a70_43753a9a,0.666667,0,32914,0
skills,skillopt,eog,csm,1,1,3,task_20251208_123126_960_c4ad7a70_f974dae7,0.5,0,29551,0
skills,skillopt,eog,csm,1,1,3,task_20251209_085836_811_a8eea1c0_6bbced3d,0.8,0,93934,0
skills,skillopt,eog,csm,1,1,3,task_20251210_002938_761_897c3e0b_f075229a,0.777778,0,264492,0
skills,skillopt,eog,csm,1,1,3,task_20251212_011224_384_accab84d_4ad9b557,0.6,0,52082,0
skills,skillopt,eog,csm,1,1,3,task_20260102_031908_712_accab84d_886a7365,0.777778,0,81840,0
skills,skillopt,eog,csm,1,1,3,task_20260102_100510_709_66392a82_3d301c18,0.8,0,79256,0
skills,skillopt,eog,csm,1,1,3,task_20260102_162857_012_391f1eff_39478d55,0.5,0,19581,0
skills,skillopt,eog,csm,1,1,3,task_20260106_073527_320_e6427839_e2e2ac8d,0.5,0,29980,0
skills,skillopt,eog,csm,1,1,3,task_20260121_183027_058_1afb323a_c53cb400,0.6,0,39641,0
skills,skillopt,eog,csm,2,1,1,task_20251208_035402_755_ad5a67e3_8ca9a646,0.0,0,43835,0
skills,skillopt,eog,csm,2,1,1,task_20251208_072220_004_99ba2325_74403162,0.4,0,73191,0
skills,skillopt,eog,csm,2,1,1,task_20251208_102635_187_c4ad7a70_43753a9a,0.666667,0,29026,0
skills,skillopt,eog,csm,2,1,1,task_20251208_123126_960_c4ad7a70_f974dae7,0.5,0,25502,0
skills,skillopt,eog,csm,2,1,1,task_20251209_085836_811_a8eea1c0_6bbced3d,0.8,0,73985,0
skills,skillopt,eog,csm,2,1,1,task_20251210_002938_761_897c3e0b_f075229a,0.777778,0,116072,0
skills,skillopt,eog,csm,2,1,1,task_20251212_011224_384_accab84d_4ad9b557,0.6,0,60412,0
skills,skillopt,eog,csm,2,1,1,task_20260102_031908_712_accab84d_886a7365,0.777778,0,62629,0
skills,skillopt,eog,csm,2,1,1,task_20260102_100510_709_66392a82_3d301c18,0.8,0,87556,0
skills,skillopt,eog,csm,2,1,1,task_20260102_162857_012_391f1eff_39478d55,0.5,0,32780,0
skills,skillopt,eog,csm,2,1,1,task_20260106_073527_320_e6427839_e2e2ac8d,0.0,0,25740,0
skills,skillopt,eog,csm,2,1,1,task_20260121_183027_058_1afb323a_c53cb400,0.6,0,32992,0
skills,skillopt,eog,csm,2,1,2,task_20251208_035402_755_ad5a67e3_8ca9a646,0.0,0,31356,0
skills,skillopt,eog,csm,2,1,2,task_20251208_072220_004_99ba2325_74403162,0.2,0,50113,0
skills,skillopt,eog,csm,2,1,2,task_20251208_102635_187_c4ad7a70_43753a9a,0.666667,0,38737,0
skills,skillopt,eog,csm,2,1,2,task_20251208_123126_960_c4ad7a70_f974dae7,0.5,0,29546,0
skills,skillopt,eog,csm,2,1,2,task_20251209_085836_811_a8eea1c0_6bbced3d,0.8,0,70348,0
skills,skillopt,eog,csm,2,1,2,task_20251210_002938_761_897c3e0b_f075229a,0.888889,0,101336,0
skills,skillopt,eog,csm,2,1,2,task_20251212_011224_384_accab84d_4ad9b557,0.6,0,59140,0
skills,skillopt,eog,csm,2,1,2,task_20260102_031908_712_accab84d_886a7365,0.777778,0,56304,0
skills,skillopt,eog,csm,2,1,2,task_20260102_100510_709_66392a82_3d301c18,0.8,0,84940,0
skills,skillopt,eog,csm,2,1,2,task_20260102_162857_012_391f1eff_39478d55,0.5,0,50106,0
skills,skillopt,eog,csm,2,1,2,task_20260106_073527_320_e6427839_e2e2ac8d,0.5,0,34037,0
skills,skillopt,eog,csm,2,1,2,task_20260121_183027_058_1afb323a_c53cb400,0.6,0,48531,0
skills,skillopt,eog,csm,2,1,3,task_20251208_035402_755_ad5a67e3_8ca9a646,0.0,0,63821,0
skills,skillopt,eog,csm,2,1,3,task_20251208_072220_004_99ba2325_74403162,0.2,0,76837,0
skills,skillopt,eog,csm,2,1,3,task_20251208_102635_187_c4ad7a70_43753a9a,0.666667,0,31258,0
skills,skillopt,eog,csm,2,1,3,task_20251208_123126_960_c4ad7a70_f974dae7,0.5,0,29201,0
skills,skillopt,eog,csm,2,1,3,task_20251209_085836_811_a8eea1c0_6bbced3d,0.8,0,47207,0
skills,skillopt,eog,csm,2,1,3,task_20251210_002938_761_897c3e0b_f075229a,0.777778,0,98975,0
skills,skillopt,eog,csm,2,1,3,task_20251212_011224_384_accab84d_4ad9b557,0.8,0,48862,0
skills,skillopt,eog,csm,2,1,3,task_20260102_031908_712_accab84d_886a7365,0.777778,0,69738,0
skills,skillopt,eog,csm,2,1,3,task_20260102_100510_709_66392a82_3d301c18,0.8,0,78531,0
skills,skillopt,eog,csm,2,1,3,task_20260102_162857_012_391f1eff_39478d55,0.5,0,27683,0
skills,skillopt,eog,csm,2,1,3,task_20260106_073527_320_e6427839_e2e2ac8d,0.5,0,30085,0
skills,skillopt,eog,csm,2,1,3,task_20260121_183027_058_1afb323a_c53cb400,0.6,0,34667,0
skills,skillopt,eog,csm,2,2,1,task_20251126_182216_326_66392a82_d3ff64ca,1.0,1,57739,0
skills,skillopt,eog,csm,2,2,1,task_20251201_164641_724_109c89c0_1b29acb9,0.5,0,77218,0
skills,skillopt,eog,csm,2,2,1,task_20251204_161024_294_46ca2862_1cc82f4c,1.0,1,288851,0
skills,skillopt,eog,csm,2,2,1,task_20251205_194841_224_391f1eff_136bedae,0.0,0,11503,0
skills,skillopt,eog,csm,2,2,1,task_20251210_161511_924_2aa6b0ad_1446c2b4,0.666667,0,41962,0
skills,skillopt,eog,csm,2,2,1,task_20260101_074825_586_a8eea1c0_e596bab2,0.75,0,60172,0
skills,skillopt,eog,csm,2,2,1,task_20260101_191529_659_a8eea1c0_27d3bf1b,0.8,0,75740,0
skills,skillopt,eog,csm,2,2,1,task_20260102_002012_363_00364ece_a3936446,0.8,0,50868,0
skills,skillopt,eog,csm,2,2,1,task_20260102_080409_151_d4a463c3_56c32265,0.6,0,62405,0
skills,skillopt,eog,csm,2,2,1,task_20260106_133642_894_66392a82_3e083fa5,0.5,0,77939,0
skills,skillopt,eog,csm,2,2,1,task_20260106_161859_265_00364ece_0e836ce8,0.0,0,71212,0
skills,skillopt,eog,csm,2,2,1,task_20260106_185201_238_00364ece_8ab4fd80,0.333333,0,57416,0
skills,skillopt,eog,csm,2,2,1,task_20260107_164033_273_a8eea1c0_c0de2fed,0.875,0,49697,0
skills,skillopt,eog,csm,2,2,2,task_20251126_182216_326_66392a82_d3ff64ca,1.0,1,62270,0
skills,skillopt,eog,csm,2,2,2,task_20251201_164641_724_109c89c0_1b29acb9,0.5,0,173702,0
skills,skillopt,eog,csm,2,2,2,task_20251204_161024_294_46ca2862_1cc82f4c,1.0,1,423204,0
skills,skillopt,eog,csm,2,2,2,task_20251205_194841_224_391f1eff_136bedae,0.0,0,11136,0
skills,skillopt,eog,csm,2,2,2,task_20251210_161511_924_2aa6b0ad_1446c2b4,0.666667,0,35099,0
skills,skillopt,eog,csm,2,2,2,task_20260101_074825_586_a8eea1c0_e596bab2,0.25,0,87522,0
skills,skillopt,eog,csm,2,2,2,task_20260101_191529_659_a8eea1c0_27d3bf1b,0.8,0,81044,0
skills,skillopt,eog,csm,2,2,2,task_20260102_002012_363_00364ece_a3936446,0.8,0,51933,0
skills,skillopt,eog,csm,2,2,2,task_20260102_080409_151_d4a463c3_56c32265,1.0,1,72979,0
skills,skillopt,eog,csm,2,2,2,task_20260106_133642_894_66392a82_3e083fa5,0.5,0,57856,0
skills,skillopt,eog,csm,2,2,2,task_20260106_161859_265_00364ece_0e836ce8,0.25,0,55213,0
skills,skillopt,eog,csm,2,2,2,task_20260106_185201_238_00364ece_8ab4fd80,0.333333,0,64207,0
skills,skillopt,eog,csm,2,2,2,task_20260107_164033_273_a8eea1c0_c0de2fed,0.875,0,61004,0
skills,skillopt,eog,csm,2,2,3,task_20251126_182216_326_66392a82_d3ff64ca,1.0,1,41996,0
skills,skillopt,eog,csm,2,2,3,task_20251201_164641_724_109c89c0_1b29acb9,0.5,0,160193,0
skills,skillopt,eog,csm,2,2,3,task_20251204_161024_294_46ca2862_1cc82f4c,1.0,1,42291,0
skills,skillopt,eog,csm,2,2,3,task_20251205_194841_224_391f1eff_136bedae,0.0,0,12538,0
skills,skillopt,eog,csm,2,2,3,task_20251210_161511_924_2aa6b0ad_1446c2b4,0.666667,0,35648,0
skills,skillopt,eog,csm,2,2,3,task_20260101_074825_586_a8eea1c0_e596bab2,0.25,0,116351,0
skills,skillopt,eog,csm,2,2,3,task_20260101_191529_659_a8eea1c0_27d3bf1b,0.8,0,90069,0
skills,skillopt,eog,csm,2,2,3,task_20260102_002012_363_00364ece_a3936446,0.8,0,49313,0
skills,skillopt,eog,csm,2,2,3,task_20260102_080409_151_d4a463c3_56c32265,0.8,0,52950,0
skills,skillopt,eog,csm,2,2,3,task_20260106_133642_894_66392a82_3e083fa5,0.5,0,42097,0
skills,skillopt,eog,csm,2,2,3,task_20260106_161859_265_00364ece_0e836ce8,0.25,0,91288,0
skills,skillopt,eog,csm,2,2,3,task_20260106_185201_238_00364ece_8ab4fd80,0.333333,0,58548,0
skills,skillopt,eog,csm,2,2,3,task_20260107_164033_273_a8eea1c0_c0de2fed,0.875,0,33132,0
skills,skillopt,eog,csm,3,1,1,task_20251208_035402_755_ad5a67e3_8ca9a646,0.0,0,45945,0
skills,skillopt,eog,csm,3,1,1,task_20251208_072220_004_99ba2325_74403162,0.4,0,66512,0
skills,skillopt,eog,csm,3,1,1,task_20251208_102635_187_c4ad7a70_43753a9a,0.666667,0,32844,0
skills,skillopt,eog,csm,3,1,1,task_20251208_123126_960_c4ad7a70_f974dae7,0.5,0,24580,0
skills,skillopt,eog,csm,3,1,1,task_20251209_085836_811_a8eea1c0_6bbced3d,0.8,0,82051,0
skills,skillopt,eog,csm,3,1,1,task_20251210_002938_761_897c3e0b_f075229a,0.777778,0,84099,0
skills,skillopt,eog,csm,3,1,1,task_20251212_011224_384_accab84d_4ad9b557,0.8,0,78849,0
skills,skillopt,eog,csm,3,1,1,task_20260102_031908_712_accab84d_886a7365,0.777778,0,57465,0
skills,skillopt,eog,csm,3,1,1,task_20260102_100510_709_66392a82_3d301c18,0.8,0,74056,0
skills,skillopt,eog,csm,3,1,1,task_20260102_162857_012_391f1eff_39478d55,0.5,0,28493,0
skills,skillopt,eog,csm,3,1,1,task_20260106_073527_320_e6427839_e2e2ac8d,0.5,0,46578,0
skills,skillopt,eog,csm,3,1,1,task_20260121_183027_058_1afb323a_c53cb400,0.6,0,41071,0
skills,skillopt,eog,csm,3,1,2,task_20251208_035402_755_ad5a67e3_8ca9a646,0.0,0,89414,0
skills,skillopt,eog,csm,3,1,2,task_20251208_072220_004_99ba2325_74403162,0.2,0,52731,0
skills,skillopt,eog,csm,3,1,2,task_20251208_102635_187_c4ad7a70_43753a9a,0.666667,0,29683,0
skills,skillopt,eog,csm,3,1,2,task_20251208_123126_960_c4ad7a70_f974dae7,0.5,0,30437,0
skills,skillopt,eog,csm,3,1,2,task_20251209_085836_811_a8eea1c0_6bbced3d,0.8,0,78088,0
skills,skillopt,eog,csm,3,1,2,task_20251210_002938_761_897c3e0b_f075229a,0.777778,0,112002,0
skills,skillopt,eog,csm,3,1,2,task_20251212_011224_384_accab84d_4ad9b557,0.8,0,84609,0
skills,skillopt,eog,csm,3,1,2,task_20260102_031908_712_accab84d_886a7365,0.777778,0,83348,0
skills,skillopt,eog,csm,3,1,2,task_20260102_100510_709_66392a82_3d301c18,0.8,0,128993,0
skills,skillopt,eog,csm,3,1,2,task_20260102_162857_012_391f1eff_39478d55,0.5,0,32685,0
skills,skillopt,eog,csm,3,1,2,task_20260106_073527_320_e6427839_e2e2ac8d,0.5,0,21249,0
skills,skillopt,eog,csm,3,1,2,task_20260121_183027_058_1afb323a_c53cb400,0.6,0,38222,0
skills,skillopt,eog,csm,3,1,3,task_20251208_035402_755_ad5a67e3_8ca9a646,1.0,1,49387,0
skills,skillopt,eog,csm,3,1,3,task_20251208_072220_004_99ba2325_74403162,0.2,0,39227,0
skills,skillopt,eog,csm,3,1,3,task_20251208_102635_187_c4ad7a70_43753a9a,0.666667,0,33552,0
skills,skillopt,eog,csm,3,1,3,task_20251208_123126_960_c4ad7a70_f974dae7,0.5,0,27442,0
skills,skillopt,eog,csm,3,1,3,task_20251209_085836_811_a8eea1c0_6bbced3d,0.8,0,66201,0
skills,skillopt,eog,csm,3,1,3,task_20251210_002938_761_897c3e0b_f075229a,0.777778,0,84004,0
skills,skillopt,eog,csm,3,1,3,task_20251212_011224_384_accab84d_4ad9b557,0.6,0,56770,0
skills,skillopt,eog,csm,3,1,3,task_20260102_031908_712_accab84d_886a7365,0.777778,0,66426,0
skills,skillopt,eog,csm,3,1,3,task_20260102_100510_709_66392a82_3d301c18,0.8,0,71749,0
skills,skillopt,eog,csm,3,1,3,task_20260102_162857_012_391f1eff_39478d55,0.5,0,33644,0
skills,skillopt,eog,csm,3,1,3,task_20260106_073527_320_e6427839_e2e2ac8d,0.5,0,26056,0
skills,skillopt,eog,csm,3,1,3,task_20260121_183027_058_1afb323a_c53cb400,0.6,0,45458,0
skills,skillopt,eog,csm,3,2,1,task_20251126_182216_326_66392a82_d3ff64ca,1.0,1,47703,0
skills,skillopt,eog,csm,3,2,1,task_20251201_164641_724_109c89c0_1b29acb9,0.5,0,114694,0
skills,skillopt,eog,csm,3,2,1,task_20251204_161024_294_46ca2862_1cc82f4c,0.0,0,0,0
skills,skillopt,eog,csm,3,2,1,task_20251205_194841_224_391f1eff_136bedae,0.0,0,11696,0
skills,skillopt,eog,csm,3,2,1,task_20251210_161511_924_2aa6b0ad_1446c2b4,0.666667,0,35435,0
skills,skillopt,eog,csm,3,2,1,task_20260101_074825_586_a8eea1c0_e596bab2,0.25,0,100162,0
skills,skillopt,eog,csm,3,2,1,task_20260101_191529_659_a8eea1c0_27d3bf1b,0.8,0,51296,0
skills,skillopt,eog,csm,3,2,1,task_20260102_002012_363_00364ece_a3936446,1.0,1,40618,0
skills,skillopt,eog,csm,3,2,1,task_20260102_080409_151_d4a463c3_56c32265,1.0,1,57050,0
skills,skillopt,eog,csm,3,2,1,task_20260106_133642_894_66392a82_3e083fa5,0.5,0,88351,0
skills,skillopt,eog,csm,3,2,1,task_20260106_161859_265_00364ece_0e836ce8,0.5,0,68561,0
skills,skillopt,eog,csm,3,2,1,task_20260106_185201_238_00364ece_8ab4fd80,0.333333,0,61410,0
skills,skillopt,eog,csm,3,2,1,task_20260107_164033_273_a8eea1c0_c0de2fed,0.875,0,56780,0
skills,skillopt,eog,csm,3,2,2,task_20251126_182216_326_66392a82_d3ff64ca,1.0,1,43947,0
skills,skillopt,eog,csm,3,2,2,task_20251201_164641_724_109c89c0_1b29acb9,0.5,0,88955,0
skills,skillopt,eog,csm,3,2,2,task_20251204_161024_294_46ca2862_1cc82f4c,1.0,1,1138346,0
skills,skillopt,eog,csm,3,2,2,task_20251205_194841_224_391f1eff_136bedae,0.0,0,11303,0
skills,skillopt,eog,csm,3,2,2,task_20251210_161511_924_2aa6b0ad_1446c2b4,0.666667,0,35843,0
skills,skillopt,eog,csm,3,2,2,task_20260101_074825_586_a8eea1c0_e596bab2,0.25,0,78218,0
skills,skillopt,eog,csm,3,2,2,task_20260101_191529_659_a8eea1c0_27d3bf1b,0.8,0,66602,0
skills,skillopt,eog,csm,3,2,2,task_20260102_002012_363_00364ece_a3936446,1.0,1,39688,0
skills,skillopt,eog,csm,3,2,2,task_20260102_080409_151_d4a463c3_56c32265,1.0,1,69902,0
skills,skillopt,eog,csm,3,2,2,task_20260106_133642_894_66392a82_3e083fa5,0.5,0,48442,0
skills,skillopt,eog,csm,3,2,2,task_20260106_161859_265_00364ece_0e836ce8,0.0,0,66944,0
skills,skillopt,eog,csm,3,2,2,task_20260106_185201_238_00364ece_8ab4fd80,0.333333,0,64312,0
skills,skillopt,eog,csm,3,2,2,task_20260107_164033_273_a8eea1c0_c0de2fed,0.875,0,37366,0
skills,skillopt,eog,csm,3,2,3,task_20251126_182216_326_66392a82_d3ff64ca,1.0,1,40832,0
skills,skillopt,eog,csm,3,2,3,task_20251201_164641_724_109c89c0_1b29acb9,0.5,0,120103,0
skills,skillopt,eog,csm,3,2,3,task_20251204_161024_294_46ca2862_1cc82f4c,1.0,1,40344,0
skills,skillopt,eog,csm,3,2,3,task_20251205_194841_224_391f1eff_136bedae,0.0,0,11749,0
skills,skillopt,eog,csm,3,2,3,task_20251210_161511_924_2aa6b0ad_1446c2b4,0.666667,0,37801,0
skills,skillopt,eog,csm,3,2,3,task_20260101_074825_586_a8eea1c0_e596bab2,0.25,0,106704,0
skills,skillopt,eog,csm,3,2,3,task_20260101_191529_659_a8eea1c0_27d3bf1b,0.8,0,96431,0
skills,skillopt,eog,csm,3,2,3,task_20260102_002012_363_00364ece_a3936446,1.0,1,47425,0
skills,skillopt,eog,csm,3,2,3,task_20260102_080409_151_d4a463c3_56c32265,0.6,0,62356,0
skills,skillopt,eog,csm,3,2,3,task_20260106_133642_894_66392a82_3e083fa5,0.5,0,51484,0
skills,skillopt,eog,csm,3,2,3,task_20260106_161859_265_00364ece_0e836ce8,0.25,0,75129,0
skills,skillopt,eog,csm,3,2,3,task_20260106_185201_238_00364ece_8ab4fd80,0.333333,0,73661,0
skills,skillopt,eog,csm,3,2,3,task_20260107_164033_273_a8eea1c0_c0de2fed,0.75,0,38066,0
skills,skillopt,eog,csm,3,3,1,task_20251125_152842_063_b393a327_9622ac64,0.8,0,61199,0
skills,skillopt,eog,csm,3,3,1,task_20251202_100743_745_109c89c0_958a07c1,0.333333,0,82305,0
skills,skillopt,eog,csm,3,3,1,task_20251205_101915_742_d4a463c3_8eac8077,0.6,0,164014,0
skills,skillopt,eog,csm,3,3,1,task_20251210_113549_827_d4a463c3_47b48a98,0.666667,0,174343,0
skills,skillopt,eog,csm,3,3,1,task_20251210_183114_382_99ba2325_071a72ab,1.0,1,30802,0
skills,skillopt,eog,csm,3,3,1,task_20251212_222304_435_66392a82_815cd745,0.8,0,54144,0
skills,skillopt,eog,csm,3,3,1,task_20260101_122222_300_ad5a67e3_3757206c,0.6,0,57073,0
skills,skillopt,eog,csm,3,3,1,task_20260101_162109_100_a8eea1c0_e88250ef,0.888889,0,98155,0
skills,skillopt,eog,csm,3,3,1,task_20260102_172945_725_ad5a67e3_5480e26f,0.6,0,46430,0
skills,skillopt,eog,csm,3,3,1,task_20260106_070321_497_accab84d_6f4a8da8,1.0,1,46708,0
skills,skillopt,eog,csm,3,3,1,task_20260106_145907_700_a8eea1c0_f5bae698,1.0,1,95877,0
skills,skillopt,eog,csm,3,3,2,task_20251125_152842_063_b393a327_9622ac64,0.8,0,59996,0
skills,skillopt,eog,csm,3,3,2,task_20251202_100743_745_109c89c0_958a07c1,0.666667,0,170336,0
skills,skillopt,eog,csm,3,3,2,task_20251205_101915_742_d4a463c3_8eac8077,0.0,0,0,0
skills,skillopt,eog,csm,3,3,2,task_20251210_113549_827_d4a463c3_47b48a98,0.666667,0,145556,0
skills,skillopt,eog,csm,3,3,2,task_20251210_183114_382_99ba2325_071a72ab,1.0,1,37004,0
skills,skillopt,eog,csm,3,3,2,task_20251212_222304_435_66392a82_815cd745,0.8,0,50754,0
skills,skillopt,eog,csm,3,3,2,task_20260101_122222_300_ad5a67e3_3757206c,0.4,0,48996,0
skills,skillopt,eog,csm,3,3,2,task_20260101_162109_100_a8eea1c0_e88250ef,0.888889,0,81172,0
skills,skillopt,eog,csm,3,3,2,task_20260102_172945_725_ad5a67e3_5480e26f,1.0,1,126534,0
skills,skillopt,eog,csm,3,3,2,task_20260106_070321_497_accab84d_6f4a8da8,1.0,1,54147,0
skills,skillopt,eog,csm,3,3,2,task_20260106_145907_700_a8eea1c0_f5bae698,1.0,1,78608,0
skills,skillopt,eog,csm,3,3,3,task_20251125_152842_063_b393a327_9622ac64,0.8,0,64444,0
skills,skillopt,eog,csm,3,3,3,task_20251202_100743_745_109c89c0_958a07c1,0.666667,0,162615,0
skills,skillopt,eog,csm,3,3,3,task_20251205_101915_742_d4a463c3_8eac8077,0.2,0,480648,0
skills,skillopt,eog,csm,3,3,3,task_20251210_113549_827_d4a463c3_47b48a98,0.666667,0,194723,0
skills,skillopt,eog,csm,3,3,3,task_20251210_183114_382_99ba2325_071a72ab,1.0,1,34514,0
skills,skillopt,eog,csm,3,3,3,task_20251212_222304_435_66392a82_815cd745,1.0,1,75053,0
skills,skillopt,eog,csm,3,3,3,task_20260101_122222_300_ad5a67e3_3757206c,0.4,0,44156,0
skills,skillopt,eog,csm,3,3,3,task_20260101_162109_100_a8eea1c0_e88250ef,0.777778,0,69578,0
skills,skillopt,eog,csm,3,3,3,task_20260102_172945_725_ad5a67e3_5480e26f,0.8,0,59624,0
skills,skillopt,eog,csm,3,3,3,task_20260106_070321_497_accab84d_6f4a8da8,1.0,1,54511,0
skills,skillopt,eog,csm,3,3,3,task_20260106_145907_700_a8eea1c0_f5bae698,1.0,1,111631,0
skills,skillopt,eog,hr,1,1,1,task_20251226_010313_969_accab84d_77306049,0.5,0,36635,0
skills,skillopt,eog,hr,1,1,1,task_20251226_094920_495_99ba2325_627386b2,1.0,1,52917,0
skills,skillopt,eog,hr,1,1,1,task_20260109_133046_369_391f1eff_7e44fdca,0.0,0,30014,0
skills,skillopt,eog,hr,1,1,1,task_20260115_151312_690_57529556_9fca8861,0.875,0,145152,0
skills,skillopt,eog,hr,1,1,1,task_20260116_095609_650_c5cac200_741831a8,1.0,1,31799,0
skills,skillopt,eog,hr,1,1,1,task_20260116_104653_444_99ba2325_320d5ca4,1.0,1,69836,0
skills,skillopt,eog,hr,1,1,1,task_20260116_112336_208_c5cac200_da33db0a,1.0,1,40580,0
skills,skillopt,eog,hr,1,1,1,task_20260116_125449_931_e6427839_50663277,1.0,1,41046,0
skills,skillopt,eog,hr,1,1,1,task_20260116_160908_725_46ca2862_923e672e,0.5,0,38404,0
skills,skillopt,eog,hr,1,1,1,task_20260116_185136_779_46ca2862_2b77b852,0.666667,0,44874,0
skills,skillopt,eog,hr,1,1,1,task_20260116_203855_584_57529556_7b20a1d8,0.666667,0,133249,0
skills,skillopt,eog,hr,1,1,2,task_20251226_010313_969_accab84d_77306049,0.5,0,42822,0
skills,skillopt,eog,hr,1,1,2,task_20251226_094920_495_99ba2325_627386b2,1.0,1,44031,0
skills,skillopt,eog,hr,1,1,2,task_20260109_133046_369_391f1eff_7e44fdca,0.0,0,41147,0
skills,skillopt,eog,hr,1,1,2,task_20260115_151312_690_57529556_9fca8861,0.75,0,108107,0
skills,skillopt,eog,hr,1,1,2,task_20260116_095609_650_c5cac200_741831a8,1.0,1,38917,0
skills,skillopt,eog,hr,1,1,2,task_20260116_104653_444_99ba2325_320d5ca4,1.0,1,77571,0
skills,skillopt,eog,hr,1,1,2,task_20260116_112336_208_c5cac200_da33db0a,1.0,1,39861,0
skills,skillopt,eog,hr,1,1,2,task_20260116_125449_931_e6427839_50663277,0.666667,0,39444,0
skills,skillopt,eog,hr,1,1,2,task_20260116_160908_725_46ca2862_923e672e,0.5,0,41750,0
skills,skillopt,eog,hr,1,1,2,task_20260116_185136_779_46ca2862_2b77b852,0.666667,0,150567,0
skills,skillopt,eog,hr,1,1,2,task_20260116_203855_584_57529556_7b20a1d8,0.666667,0,83716,0
skills,skillopt,eog,hr,1,1,3,task_20251226_010313_969_accab84d_77306049,0.5,0,31686,0
skills,skillopt,eog,hr,1,1,3,task_20251226_094920_495_99ba2325_627386b2,1.0,1,64067,0
skills,skillopt,eog,hr,1,1,3,task_20260109_133046_369_391f1eff_7e44fdca,0.0,0,23895,0
skills,skillopt,eog,hr,1,1,3,task_20260115_151312_690_57529556_9fca8861,0.875,0,127746,0
skills,skillopt,eog,hr,1,1,3,task_20260116_095609_650_c5cac200_741831a8,1.0,1,26705,0
skills,skillopt,eog,hr,1,1,3,task_20260116_104653_444_99ba2325_320d5ca4,1.0,1,54848,0
skills,skillopt,eog,hr,1,1,3,task_20260116_112336_208_c5cac200_da33db0a,1.0,1,40979,0
skills,skillopt,eog,hr,1,1,3,task_20260116_125449_931_e6427839_50663277,0.666667,0,57080,0
skills,skillopt,eog,hr,1,1,3,task_20260116_160908_725_46ca2862_923e672e,0.5,0,37298,0
skills,skillopt,eog,hr,1,1,3,task_20260116_185136_779_46ca2862_2b77b852,0.666667,0,39969,0
skills,skillopt,eog,hr,1,1,3,task_20260116_203855_584_57529556_7b20a1d8,0.666667,0,63824,0
skills,skillopt,eog,hr,2,1,1,task_20251226_010313_969_accab84d_77306049,0.5,0,38474,0
skills,skillopt,eog,hr,2,1,1,task_20251226_094920_495_99ba2325_627386b2,1.0,1,73323,0
skills,skillopt,eog,hr,2,1,1,task_20260109_133046_369_391f1eff_7e44fdca,0.0,0,25200,0
skills,skillopt,eog,hr,2,1,1,task_20260115_151312_690_57529556_9fca8861,0.75,0,121620,0
skills,skillopt,eog,hr,2,1,1,task_20260116_095609_650_c5cac200_741831a8,1.0,1,29991,0
skills,skillopt,eog,hr,2,1,1,task_20260116_104653_444_99ba2325_320d5ca4,1.0,1,61383,0
skills,skillopt,eog,hr,2,1,1,task_20260116_112336_208_c5cac200_da33db0a,0.833333,0,36628,0
skills,skillopt,eog,hr,2,1,1,task_20260116_125449_931_e6427839_50663277,0.666667,0,61265,0
skills,skillopt,eog,hr,2,1,1,task_20260116_160908_725_46ca2862_923e672e,0.5,0,33020,0
skills,skillopt,eog,hr,2,1,1,task_20260116_185136_779_46ca2862_2b77b852,0.666667,0,44217,0
skills,skillopt,eog,hr,2,1,1,task_20260116_203855_584_57529556_7b20a1d8,1.0,1,84111,0
skills,skillopt,eog,hr,2,1,2,task_20251226_010313_969_accab84d_77306049,0.5,0,33939,0
skills,skillopt,eog,hr,2,1,2,task_20251226_094920_495_99ba2325_627386b2,1.0,1,44138,0
skills,skillopt,eog,hr,2,1,2,task_20260109_133046_369_391f1eff_7e44fdca,0.0,0,5084,0
skills,skillopt,eog,hr,2,1,2,task_20260115_151312_690_57529556_9fca8861,0.75,0,98866,0
skills,skillopt,eog,hr,2,1,2,task_20260116_095609_650_c5cac200_741831a8,1.0,1,31343,0
skills,skillopt,eog,hr,2,1,2,task_20260116_104653_444_99ba2325_320d5ca4,1.0,1,63005,0
skills,skillopt,eog,hr,2,1,2,task_20260116_112336_208_c5cac200_da33db0a,0.833333,0,46621,0
skills,skillopt,eog,hr,2,1,2,task_20260116_125449_931_e6427839_50663277,0.666667,0,57961,0
skills,skillopt,eog,hr,2,1,2,task_20260116_160908_725_46ca2862_923e672e,0.5,0,45772,0
skills,skillopt,eog,hr,2,1,2,task_20260116_185136_779_46ca2862_2b77b852,0.666667,0,57598,0
skills,skillopt,eog,hr,2,1,2,task_20260116_203855_584_57529556_7b20a1d8,0.666667,0,86036,0
skills,skillopt,eog,hr,2,1,3,task_20251226_010313_969_accab84d_77306049,0.5,0,31934,0
skills,skillopt,eog,hr,2,1,3,task_20251226_094920_495_99ba2325_627386b2,1.0,1,73711,0
skills,skillopt,eog,hr,2,1,3,task_20260109_133046_369_391f1eff_7e44fdca,0.0,0,33455,0
skills,skillopt,eog,hr,2,1,3,task_20260115_151312_690_57529556_9fca8861,0.75,0,137488,0
skills,skillopt,eog,hr,2,1,3,task_20260116_095609_650_c5cac200_741831a8,1.0,1,31057,0
skills,skillopt,eog,hr,2,1,3,task_20260116_104653_444_99ba2325_320d5ca4,1.0,1,50400,0
skills,skillopt,eog,hr,2,1,3,task_20260116_112336_208_c5cac200_da33db0a,0.833333,0,39368,0
skills,skillopt,eog,hr,2,1,3,task_20260116_125449_931_e6427839_50663277,0.666667,0,41553,0
skills,skillopt,eog,hr,2,1,3,task_20260116_160908_725_46ca2862_923e672e,0.5,0,33173,0
skills,skillopt,eog,hr,2,1,3,task_20260116_185136_779_46ca2862_2b77b852,0.666667,0,441231,0
skills,skillopt,eog,hr,2,1,3,task_20260116_203855_584_57529556_7b20a1d8,0.666667,0,84595,0
skills,skillopt,eog,hr,2,2,1,task_20251212_175622_173_d61a01c6_62164687,0.5,0,35442,0
skills,skillopt,eog,hr,2,2,1,task_20251219_155520_685_a8eea1c0_c6fb88a1,1.0,1,38046,0
skills,skillopt,eog,hr,2,2,1,task_20251224_094258_495_c4ad7a70_42fbe372,0.25,0,45644,0
skills,skillopt,eog,hr,2,2,1,task_20251224_133749_739_c4ad7a70_9df76270,0.25,0,30042,0
skills,skillopt,eog,hr,2,2,1,task_20251226_101143_297_99ba2325_75b99d9a,0.75,0,44732,0
skills,skillopt,eog,hr,2,2,1,task_20251226_114207_539_30600918_6211eb4b,0.666667,0,109603,0
skills,skillopt,eog,hr,2,2,1,task_20251226_121423_362_c4ad7a70_4be55408,0.333333,0,30943,0
skills,skillopt,eog,hr,2,2,1,task_20251226_132052_338_e6427839_727d852c,0.5,0,30462,0
skills,skillopt,eog,hr,2,2,1,task_20251226_153702_699_ad5a67e3_43cd2d47,0.666667,0,31712,0
skills,skillopt,eog,hr,2,2,1,task_20260109_185510_803_a8eea1c0_b51123d7,1.0,1,31360,0
skills,skillopt,eog,hr,2,2,1,task_20260109_192935_678_e6427839_4c081ddc,0.5,0,92933,0
skills,skillopt,eog,hr,2,2,1,task_20260111_151647_667_a8eea1c0_c7c264ba,0.714286,0,125337,0
skills,skillopt,eog,hr,2,2,1,task_20260111_161750_847_a8eea1c0_3649940a,0.777778,0,69009,0
skills,skillopt,eog,hr,2,2,1,task_20260111_190744_927_a8eea1c0_17bea726,0.0,0,112895,0
skills,skillopt,eog,hr,2,2,1,task_20260112_141226_936_7aad91c1_61df8f2b,1.0,1,54139,0
skills,skillopt,eog,hr,2,2,1,task_20260114_172823_954_a8eea1c0_b725e936,0.666667,0,106342,0
skills,skillopt,eog,hr,2,2,1,task_20260116_055513_891_99ba2325_849991b8,0.5,0,60570,0
skills,skillopt,eog,hr,2,2,1,task_20260116_085958_358_a8eea1c0_6d7f242a,1.0,1,90096,0
skills,skillopt,eog,hr,2,2,1,task_20260116_094554_219_c5cac200_82f2d2a8,0.8,0,65512,0
skills,skillopt,eog,hr,2,2,1,task_20260116_105748_962_99ba2325_dcc658fa,0.75,0,37792,0
skills,skillopt,eog,hr,2,2,1,task_20260116_134415_018_fa1836dc_d8efb574,0.333333,0,30480,0
skills,skillopt,eog,hr,2,2,1,task_20260116_143750_504_a8eea1c0_7d91efa1,0.6,0,38638,0
skills,skillopt,eog,hr,2,2,2,task_20251212_175622_173_d61a01c6_62164687,0.5,0,28143,0
skills,skillopt,eog,hr,2,2,2,task_20251219_155520_685_a8eea1c0_c6fb88a1,1.0,1,31988,0
skills,skillopt,eog,hr,2,2,2,task_20251224_094258_495_c4ad7a70_42fbe372,0.25,0,34672,0
skills,skillopt,eog,hr,2,2,2,task_20251224_133749_739_c4ad7a70_9df76270,0.25,0,35996,0
skills,skillopt,eog,hr,2,2,2,task_20251226_101143_297_99ba2325_75b99d9a,0.75,0,42361,0
skills,skillopt,eog,hr,2,2,2,task_20251226_114207_539_30600918_6211eb4b,0.666667,0,52965,0
skills,skillopt,eog,hr,2,2,2,task_20251226_121423_362_c4ad7a70_4be55408,0.333333,0,35409,0
skills,skillopt,eog,hr,2,2,2,task_20251226_132052_338_e6427839_727d852c,0.5,0,30855,0
skills,skillopt,eog,hr,2,2,2,task_20251226_153702_699_ad5a67e3_43cd2d47,0.666667,0,24946,0
skills,skillopt,eog,hr,2,2,2,task_20260109_185510_803_a8eea1c0_b51123d7,1.0,1,85862,0
skills,skillopt,eog,hr,2,2,2,task_20260109_192935_678_e6427839_4c081ddc,0.5,0,58146,0
skills,skillopt,eog,hr,2,2,2,task_20260111_151647_667_a8eea1c0_c7c264ba,1.0,1,109750,0
skills,skillopt,eog,hr,2,2,2,task_20260111_161750_847_a8eea1c0_3649940a,0.777778,0,88354,0
skills,skillopt,eog,hr,2,2,2,task_20260111_190744_927_a8eea1c0_17bea726,0.0,0,119943,0
skills,skillopt,eog,hr,2,2,2,task_20260112_141226_936_7aad91c1_61df8f2b,1.0,1,48758,0
skills,skillopt,eog,hr,2,2,2,task_20260114_172823_954_a8eea1c0_b725e936,1.0,1,105336,0
skills,skillopt,eog,hr,2,2,2,task_20260116_055513_891_99ba2325_849991b8,0.5,0,66470,0
skills,skillopt,eog,hr,2,2,2,task_20260116_085958_358_a8eea1c0_6d7f242a,1.0,1,83114,0
skills,skillopt,eog,hr,2,2,2,task_20260116_094554_219_c5cac200_82f2d2a8,0.8,0,53783,0
skills,skillopt,eog,hr,2,2,2,task_20260116_105748_962_99ba2325_dcc658fa,0.75,0,45356,0
skills,skillopt,eog,hr,2,2,2,task_20260116_134415_018_fa1836dc_d8efb574,0.333333,0,27603,0
skills,skillopt,eog,hr,2,2,2,task_20260116_143750_504_a8eea1c0_7d91efa1,1.0,1,51020,0
skills,skillopt,eog,hr,2,2,3,task_20251212_175622_173_d61a01c6_62164687,0.5,0,43092,0
skills,skillopt,eog,hr,2,2,3,task_20251219_155520_685_a8eea1c0_c6fb88a1,1.0,1,41872,0
skills,skillopt,eog,hr,2,2,3,task_20251224_094258_495_c4ad7a70_42fbe372,0.25,0,34853,0
skills,skillopt,eog,hr,2,2,3,task_20251224_133749_739_c4ad7a70_9df76270,0.25,0,40372,0
skills,skillopt,eog,hr,2,2,3,task_20251226_101143_297_99ba2325_75b99d9a,0.75,0,45014,0
skills,skillopt,eog,hr,2,2,3,task_20251226_114207_539_30600918_6211eb4b,0.666667,0,75124,0
skills,skillopt,eog,hr,2,2,3,task_20251226_121423_362_c4ad7a70_4be55408,0.333333,0,30365,0
skills,skillopt,eog,hr,2,2,3,task_20251226_132052_338_e6427839_727d852c,0.5,0,36438,0
skills,skillopt,eog,hr,2,2,3,task_20251226_153702_699_ad5a67e3_43cd2d47,0.666667,0,41480,0
skills,skillopt,eog,hr,2,2,3,task_20260109_185510_803_a8eea1c0_b51123d7,1.0,1,87921,0
skills,skillopt,eog,hr,2,2,3,task_20260109_192935_678_e6427839_4c081ddc,0.5,0,52998,0
skills,skillopt,eog,hr,2,2,3,task_20260111_151647_667_a8eea1c0_c7c264ba,0.714286,0,87134,0
skills,skillopt,eog,hr,2,2,3,task_20260111_161750_847_a8eea1c0_3649940a,0.777778,0,80149,0
skills,skillopt,eog,hr,2,2,3,task_20260111_190744_927_a8eea1c0_17bea726,0.0,0,138340,0
skills,skillopt,eog,hr,2,2,3,task_20260112_141226_936_7aad91c1_61df8f2b,1.0,1,54449,0
skills,skillopt,eog,hr,2,2,3,task_20260114_172823_954_a8eea1c0_b725e936,1.0,1,111059,0
skills,skillopt,eog,hr,2,2,3,task_20260116_055513_891_99ba2325_849991b8,0.333333,0,67679,0
skills,skillopt,eog,hr,2,2,3,task_20260116_085958_358_a8eea1c0_6d7f242a,1.0,1,62831,0
skills,skillopt,eog,hr,2,2,3,task_20260116_094554_219_c5cac200_82f2d2a8,0.8,0,53031,0
skills,skillopt,eog,hr,2,2,3,task_20260116_105748_962_99ba2325_dcc658fa,0.75,0,38435,0
skills,skillopt,eog,hr,2,2,3,task_20260116_134415_018_fa1836dc_d8efb574,0.333333,0,24619,0
skills,skillopt,eog,hr,2,2,3,task_20260116_143750_504_a8eea1c0_7d91efa1,0.6,0,38377,0
skills,skillopt,eog,hr,3,1,1,task_20251226_010313_969_accab84d_77306049,0.5,0,31239,0
skills,skillopt,eog,hr,3,1,1,task_20251226_094920_495_99ba2325_627386b2,1.0,1,46237,0
skills,skillopt,eog,hr,3,1,1,task_20260109_133046_369_391f1eff_7e44fdca,0.0,0,24338,0
skills,skillopt,eog,hr,3,1,1,task_20260115_151312_690_57529556_9fca8861,0.75,0,99676,0
skills,skillopt,eog,hr,3,1,1,task_20260116_095609_650_c5cac200_741831a8,1.0,1,34970,0
skills,skillopt,eog,hr,3,1,1,task_20260116_104653_444_99ba2325_320d5ca4,1.0,1,74945,0
skills,skillopt,eog,hr,3,1,1,task_20260116_112336_208_c5cac200_da33db0a,0.833333,0,41694,0
skills,skillopt,eog,hr,3,1,1,task_20260116_125449_931_e6427839_50663277,0.666667,0,34684,0
skills,skillopt,eog,hr,3,1,1,task_20260116_160908_725_46ca2862_923e672e,0.5,0,32793,0
skills,skillopt,eog,hr,3,1,1,task_20260116_185136_779_46ca2862_2b77b852,0.666667,0,42097,0
skills,skillopt,eog,hr,3,1,1,task_20260116_203855_584_57529556_7b20a1d8,0.666667,0,91753,0
skills,skillopt,eog,hr,3,1,2,task_20251226_010313_969_accab84d_77306049,0.5,0,37073,0
skills,skillopt,eog,hr,3,1,2,task_20251226_094920_495_99ba2325_627386b2,1.0,1,66064,0
skills,skillopt,eog,hr,3,1,2,task_20260109_133046_369_391f1eff_7e44fdca,0.0,0,23784,0
skills,skillopt,eog,hr,3,1,2,task_20260115_151312_690_57529556_9fca8861,0.75,0,141246,0
skills,skillopt,eog,hr,3,1,2,task_20260116_095609_650_c5cac200_741831a8,1.0,1,32836,0
skills,skillopt,eog,hr,3,1,2,task_20260116_104653_444_99ba2325_320d5ca4,1.0,1,66922,0
skills,skillopt,eog,hr,3,1,2,task_20260116_112336_208_c5cac200_da33db0a,0.833333,0,40522,0
skills,skillopt,eog,hr,3,1,2,task_20260116_125449_931_e6427839_50663277,0.666667,0,54348,0
skills,skillopt,eog,hr,3,1,2,task_20260116_160908_725_46ca2862_923e672e,0.5,0,36310,0
skills,skillopt,eog,hr,3,1,2,task_20260116_185136_779_46ca2862_2b77b852,0.666667,0,38349,0
skills,skillopt,eog,hr,3,1,2,task_20260116_203855_584_57529556_7b20a1d8,1.0,1,80508,0
skills,skillopt,eog,hr,3,1,3,task_20251226_010313_969_accab84d_77306049,0.5,0,25879,0
skills,skillopt,eog,hr,3,1,3,task_20251226_094920_495_99ba2325_627386b2,1.0,1,43445,0
skills,skillopt,eog,hr,3,1,3,task_20260109_133046_369_391f1eff_7e44fdca,0.0,0,10303,0
skills,skillopt,eog,hr,3,1,3,task_20260115_151312_690_57529556_9fca8861,0.75,0,98775,0
skills,skillopt,eog,hr,3,1,3,task_20260116_095609_650_c5cac200_741831a8,1.0,1,34076,0
skills,skillopt,eog,hr,3,1,3,task_20260116_104653_444_99ba2325_320d5ca4,1.0,1,78704,0
skills,skillopt,eog,hr,3,1,3,task_20260116_112336_208_c5cac200_da33db0a,0.833333,0,39272,0
skills,skillopt,eog,hr,3,1,3,task_20260116_125449_931_e6427839_50663277,1.0,1,53144,0
skills,skillopt,eog,hr,3,1,3,task_20260116_160908_725_46ca2862_923e672e,0.5,0,46417,0
skills,skillopt,eog,hr,3,1,3,task_20260116_185136_779_46ca2862_2b77b852,0.666667,0,111069,0
skills,skillopt,eog,hr,3,1,3,task_20260116_203855_584_57529556_7b20a1d8,1.0,1,60132,0
skills,skillopt,eog,hr,3,2,1,task_20251212_175622_173_d61a01c6_62164687,0.5,0,33535,0
skills,skillopt,eog,hr,3,2,1,task_20251219_155520_685_a8eea1c0_c6fb88a1,1.0,1,31349,0
skills,skillopt,eog,hr,3,2,1,task_20251224_094258_495_c4ad7a70_42fbe372,0.25,0,28852,0
skills,skillopt,eog,hr,3,2,1,task_20251224_133749_739_c4ad7a70_9df76270,0.25,0,35195,0
skills,skillopt,eog,hr,3,2,1,task_20251226_101143_297_99ba2325_75b99d9a,0.75,0,42029,0
skills,skillopt,eog,hr,3,2,1,task_20251226_114207_539_30600918_6211eb4b,0.666667,0,74506,0
skills,skillopt,eog,hr,3,2,1,task_20251226_121423_362_c4ad7a70_4be55408,0.333333,0,43873,0
skills,skillopt,eog,hr,3,2,1,task_20251226_132052_338_e6427839_727d852c,0.5,0,37540,0
skills,skillopt,eog,hr,3,2,1,task_20251226_153702_699_ad5a67e3_43cd2d47,0.666667,0,34357,0
skills,skillopt,eog,hr,3,2,1,task_20260109_185510_803_a8eea1c0_b51123d7,1.0,1,86436,0
skills,skillopt,eog,hr,3,2,1,task_20260109_192935_678_e6427839_4c081ddc,0.5,0,125958,0
skills,skillopt,eog,hr,3,2,1,task_20260111_151647_667_a8eea1c0_c7c264ba,0.714286,0,124048,0
skills,skillopt,eog,hr,3,2,1,task_20260111_161750_847_a8eea1c0_3649940a,0.777778,0,83044,0
skills,skillopt,eog,hr,3,2,1,task_20260111_190744_927_a8eea1c0_17bea726,0.0,0,92035,0
skills,skillopt,eog,hr,3,2,1,task_20260112_141226_936_7aad91c1_61df8f2b,0.25,0,52529,0
skills,skillopt,eog,hr,3,2,1,task_20260114_172823_954_a8eea1c0_b725e936,1.0,1,85878,0
skills,skillopt,eog,hr,3,2,1,task_20260116_055513_891_99ba2325_849991b8,0.5,0,67319,0
skills,skillopt,eog,hr,3,2,1,task_20260116_085958_358_a8eea1c0_6d7f242a,1.0,1,79978,0
skills,skillopt,eog,hr,3,2,1,task_20260116_094554_219_c5cac200_82f2d2a8,0.8,0,67399,0
skills,skillopt,eog,hr,3,2,1,task_20260116_105748_962_99ba2325_dcc658fa,0.75,0,44080,0
skills,skillopt,eog,hr,3,2,1,task_20260116_134415_018_fa1836dc_d8efb574,0.333333,0,30554,0
skills,skillopt,eog,hr,3,2,1,task_20260116_143750_504_a8eea1c0_7d91efa1,0.6,0,39782,0
skills,skillopt,eog,hr,3,2,2,task_20251212_175622_173_d61a01c6_62164687,0.5,0,24666,0
skills,skillopt,eog,hr,3,2,2,task_20251219_155520_685_a8eea1c0_c6fb88a1,1.0,1,41085,0
skills,skillopt,eog,hr,3,2,2,task_20251224_094258_495_c4ad7a70_42fbe372,0.25,0,36294,0
skills,skillopt,eog,hr,3,2,2,task_20251224_133749_739_c4ad7a70_9df76270,0.25,0,37337,0
skills,skillopt,eog,hr,3,2,2,task_20251226_101143_297_99ba2325_75b99d9a,0.75,0,37380,0
skills,skillopt,eog,hr,3,2,2,task_20251226_114207_539_30600918_6211eb4b,0.666667,0,79711,0
skills,skillopt,eog,hr,3,2,2,task_20251226_121423_362_c4ad7a70_4be55408,0.333333,0,32949,0
skills,skillopt,eog,hr,3,2,2,task_20251226_132052_338_e6427839_727d852c,0.5,0,32351,0
skills,skillopt,eog,hr,3,2,2,task_20251226_153702_699_ad5a67e3_43cd2d47,0.666667,0,37414,0
skills,skillopt,eog,hr,3,2,2,task_20260109_185510_803_a8eea1c0_b51123d7,1.0,1,68160,0
skills,skillopt,eog,hr,3,2,2,task_20260109_192935_678_e6427839_4c081ddc,0.5,0,41192,0
skills,skillopt,eog,hr,3,2,2,task_20260111_151647_667_a8eea1c0_c7c264ba,0.714286,0,104007,0
skills,skillopt,eog,hr,3,2,2,task_20260111_161750_847_a8eea1c0_3649940a,0.777778,0,99622,0
skills,skillopt,eog,hr,3,2,2,task_20260111_190744_927_a8eea1c0_17bea726,0.0,0,102375,0
skills,skillopt,eog,hr,3,2,2,task_20260112_141226_936_7aad91c1_61df8f2b,0.25,0,54568,0
skills,skillopt,eog,hr,3,2,2,task_20260114_172823_954_a8eea1c0_b725e936,1.0,1,85544,0
skills,skillopt,eog,hr,3,2,2,task_20260116_055513_891_99ba2325_849991b8,0.5,0,55844,0
skills,skillopt,eog,hr,3,2,2,task_20260116_085958_358_a8eea1c0_6d7f242a,1.0,1,92907,0
skills,skillopt,eog,hr,3,2,2,task_20260116_094554_219_c5cac200_82f2d2a8,0.8,0,65245,0
skills,skillopt,eog,hr,3,2,2,task_20260116_105748_962_99ba2325_dcc658fa,0.75,0,45510,0
skills,skillopt,eog,hr,3,2,2,task_20260116_134415_018_fa1836dc_d8efb574,0.333333,0,26233,0
skills,skillopt,eog,hr,3,2,2,task_20260116_143750_504_a8eea1c0_7d91efa1,1.0,1,53253,0
skills,skillopt,eog,hr,3,2,3,task_20251212_175622_173_d61a01c6_62164687,0.5,0,39233,0
skills,skillopt,eog,hr,3,2,3,task_20251219_155520_685_a8eea1c0_c6fb88a1,1.0,1,27142,0
skills,skillopt,eog,hr,3,2,3,task_20251224_094258_495_c4ad7a70_42fbe372,0.25,0,35416,0
skills,skillopt,eog,hr,3,2,3,task_20251224_133749_739_c4ad7a70_9df76270,0.25,0,41781,0
skills,skillopt,eog,hr,3,2,3,task_20251226_101143_297_99ba2325_75b99d9a,0.75,0,43391,0
skills,skillopt,eog,hr,3,2,3,task_20251226_114207_539_30600918_6211eb4b,0.666667,0,65907,0
skills,skillopt,eog,hr,3,2,3,task_20251226_121423_362_c4ad7a70_4be55408,0.333333,0,33039,0
skills,skillopt,eog,hr,3,2,3,task_20251226_132052_338_e6427839_727d852c,0.5,0,31317,0
skills,skillopt,eog,hr,3,2,3,task_20251226_153702_699_ad5a67e3_43cd2d47,0.666667,0,41142,0
skills,skillopt,eog,hr,3,2,3,task_20260109_185510_803_a8eea1c0_b51123d7,1.0,1,96320,0
skills,skillopt,eog,hr,3,2,3,task_20260109_192935_678_e6427839_4c081ddc,0.5,0,55153,0
skills,skillopt,eog,hr,3,2,3,task_20260111_151647_667_a8eea1c0_c7c264ba,1.0,1,125767,0
skills,skillopt,eog,hr,3,2,3,task_20260111_161750_847_a8eea1c0_3649940a,0.777778,0,87365,0
skills,skillopt,eog,hr,3,2,3,task_20260111_190744_927_a8eea1c0_17bea726,0.0,0,118478,0
skills,skillopt,eog,hr,3,2,3,task_20260112_141226_936_7aad91c1_61df8f2b,0.25,0,55513,0
skills,skillopt,eog,hr,3,2,3,task_20260114_172823_954_a8eea1c0_b725e936,1.0,1,79343,0
skills,skillopt,eog,hr,3,2,3,task_20260116_055513_891_99ba2325_849991b8,0.166667,0,20873,0
skills,skillopt,eog,hr,3,2,3,task_20260116_085958_358_a8eea1c0_6d7f242a,1.0,1,111088,0
skills,skillopt,eog,hr,3,2,3,task_20260116_094554_219_c5cac200_82f2d2a8,0.8,0,54250,0
skills,skillopt,eog,hr,3,2,3,task_20260116_105748_962_99ba2325_dcc658fa,0.75,0,53551,0
skills,skillopt,eog,hr,3,2,3,task_20260116_134415_018_fa1836dc_d8efb574,0.333333,0,25743,0
skills,skillopt,eog,hr,3,2,3,task_20260116_143750_504_a8eea1c0_7d91efa1,0.6,0,38414,0
skills,skillopt,eog,hr,3,3,1,task_20251216_123530_079_ec0cb5dd_3b89aab7,0.6,0,69677,0
skills,skillopt,eog,hr,3,3,1,task_20251217_073807_153_761f6b82_cba63024,0.857143,0,112860,0
skills,skillopt,eog,hr,3,3,1,task_20251219_114935_971_a8eea1c0_188fc892,0.5,0,45274,0
skills,skillopt,eog,hr,3,3,1,task_20251219_155215_361_00364ece_c1c6ffc8,0.0,0,40422,0
skills,skillopt,eog,hr,3,3,1,task_20251223_150001_549_d9bcd1e5_475d93ab,0.857143,0,37727,0
skills,skillopt,eog,hr,3,3,1,task_20251223_174414_238_a8eea1c0_0c3b20c1,0.0,0,73688,0
skills,skillopt,eog,hr,3,3,1,task_20251223_184833_888_a8eea1c0_87c53cb9,0.571429,0,48423,0
skills,skillopt,eog,hr,3,3,1,task_20251224_064352_705_ec0cb5dd_46d83d4e,0.461538,0,11153,0
skills,skillopt,eog,hr,3,3,1,task_20251224_150114_483_a8eea1c0_d44f97ad,0.75,0,94617,0
skills,skillopt,eog,hr,3,3,1,task_20251224_234036_267_accab84d_f26a18f7,0.75,0,92189,0
skills,skillopt,eog,hr,3,3,1,task_20251225_062927_003_d9bcd1e5_d996901a,0.75,0,106890,0
skills,skillopt,eog,hr,3,3,1,task_20251225_180047_141_a8eea1c0_002e725f,1.0,1,85957,0
skills,skillopt,eog,hr,3,3,1,task_20251226_041218_355_d9bcd1e5_bc84c9d5,0.777778,0,46911,0
skills,skillopt,eog,hr,3,3,1,task_20251226_104747_127_30600918_559da326,0.5,0,36633,0
skills,skillopt,eog,hr,3,3,1,task_20251226_110144_731_b25153b4_773380f8,1.0,1,93899,0
skills,skillopt,eog,hr,3,3,1,task_20260109_180543_808_391f1eff_02357fea,0.666667,0,24039,0
skills,skillopt,eog,hr,3,3,1,task_20260111_204619_117_a8eea1c0_b69d59bc,0.6,0,98231,0
skills,skillopt,eog,hr,3,3,1,task_20260112_124137_537_761f6b82_9e1a6b99,0.25,0,103718,0
skills,skillopt,eog,hr,3,3,1,task_20260114_180423_838_00364ece_9f2ad35c,0.5,0,111857,0
skills,skillopt,eog,hr,3,3,1,task_20260115_130852_498_a8eea1c0_e9192d7e,0.833333,0,81338,0
skills,skillopt,eog,hr,3,3,2,task_20251216_123530_079_ec0cb5dd_3b89aab7,0.6,0,76240,0
skills,skillopt,eog,hr,3,3,2,task_20251217_073807_153_761f6b82_cba63024,0.857143,0,128752,0
skills,skillopt,eog,hr,3,3,2,task_20251219_114935_971_a8eea1c0_188fc892,0.25,0,39608,0
skills,skillopt,eog,hr,3,3,2,task_20251219_155215_361_00364ece_c1c6ffc8,0.0,0,39743,0
skills,skillopt,eog,hr,3,3,2,task_20251223_150001_549_d9bcd1e5_475d93ab,0.857143,0,37235,0
skills,skillopt,eog,hr,3,3,2,task_20251223_174414_238_a8eea1c0_0c3b20c1,0.166667,0,76521,0
skills,skillopt,eog,hr,3,3,2,task_20251223_184833_888_a8eea1c0_87c53cb9,0.571429,0,42746,0
skills,skillopt,eog,hr,3,3,2,task_20251224_064352_705_ec0cb5dd_46d83d4e,0.461538,0,11473,0
skills,skillopt,eog,hr,3,3,2,task_20251224_150114_483_a8eea1c0_d44f97ad,0.75,0,99640,0
skills,skillopt,eog,hr,3,3,2,task_20251224_234036_267_accab84d_f26a18f7,0.75,0,95518,0
skills,skillopt,eog,hr,3,3,2,task_20251225_062927_003_d9bcd1e5_d996901a,0.75,0,98674,0
skills,skillopt,eog,hr,3,3,2,task_20251225_180047_141_a8eea1c0_002e725f,1.0,1,53656,0
skills,skillopt,eog,hr,3,3,2,task_20251226_041218_355_d9bcd1e5_bc84c9d5,0.777778,0,57193,0
skills,skillopt,eog,hr,3,3,2,task_20251226_104747_127_30600918_559da326,0.5,0,75121,0
skills,skillopt,eog,hr,3,3,2,task_20251226_110144_731_b25153b4_773380f8,1.0,1,113935,0
skills,skillopt,eog,hr,3,3,2,task_20260109_180543_808_391f1eff_02357fea,0.666667,0,19686,0
skills,skillopt,eog,hr,3,3,2,task_20260111_204619_117_a8eea1c0_b69d59bc,0.6,0,109443,0
skills,skillopt,eog,hr,3,3,2,task_20260112_124137_537_761f6b82_9e1a6b99,0.25,0,100592,0
skills,skillopt,eog,hr,3,3,2,task_20260114_180423_838_00364ece_9f2ad35c,0.5,0,78704,0
skills,skillopt,eog,hr,3,3,2,task_20260115_130852_498_a8eea1c0_e9192d7e,0.833333,0,80009,0
skills,skillopt,eog,hr,3,3,3,task_20251216_123530_079_ec0cb5dd_3b89aab7,0.6,0,65679,0
skills,skillopt,eog,hr,3,3,3,task_20251217_073807_153_761f6b82_cba63024,0.857143,0,123883,0
skills,skillopt,eog,hr,3,3,3,task_20251219_114935_971_a8eea1c0_188fc892,0.25,0,31989,0
skills,skillopt,eog,hr,3,3,3,task_20251219_155215_361_00364ece_c1c6ffc8,0.0,0,39534,0
skills,skillopt,eog,hr,3,3,3,task_20251223_150001_549_d9bcd1e5_475d93ab,0.857143,0,31032,0
skills,skillopt,eog,hr,3,3,3,task_20251223_174414_238_a8eea1c0_0c3b20c1,1.0,1,65041,0
skills,skillopt,eog,hr,3,3,3,task_20251223_184833_888_a8eea1c0_87c53cb9,0.571429,0,49212,0
skills,skillopt,eog,hr,3,3,3,task_20251224_064352_705_ec0cb5dd_46d83d4e,0.461538,0,10459,0
skills,skillopt,eog,hr,3,3,3,task_20251224_150114_483_a8eea1c0_d44f97ad,0.75,0,131777,0
skills,skillopt,eog,hr,3,3,3,task_20251224_234036_267_accab84d_f26a18f7,0.875,0,78516,0
skills,skillopt,eog,hr,3,3,3,task_20251225_062927_003_d9bcd1e5_d996901a,0.75,0,152152,0
skills,skillopt,eog,hr,3,3,3,task_20251225_180047_141_a8eea1c0_002e725f,1.0,1,50464,0
skills,skillopt,eog,hr,3,3,3,task_20251226_041218_355_d9bcd1e5_bc84c9d5,0.777778,0,60149,0
skills,skillopt,eog,hr,3,3,3,task_20251226_104747_127_30600918_559da326,0.5,0,88627,0
skills,skillopt,eog,hr,3,3,3,task_20251226_110144_731_b25153b4_773380f8,1.0,1,119815,0
skills,skillopt,eog,hr,3,3,3,task_20260109_180543_808_391f1eff_02357fea,0.666667,0,25656,0
skills,skillopt,eog,hr,3,3,3,task_20260111_204619_117_a8eea1c0_b69d59bc,0.6,0,73346,0
skills,skillopt,eog,hr,3,3,3,task_20260112_124137_537_761f6b82_9e1a6b99,0.25,0,87206,0
skills,skillopt,eog,hr,3,3,3,task_20260114_180423_838_00364ece_9f2ad35c,0.5,0,71876,0
skills,skillopt,eog,hr,3,3,3,task_20260115_130852_498_a8eea1c0_e9192d7e,0.833333,0,78216,0
skills,skillopt,eog,itsm,1,1,1,task_20251218_164829_676_97d7df7d_893f6b2c,1.0,1,113955,0
skills,skillopt,eog,itsm,1,1,1,task_20251218_183102_136_391f1eff_ac9a6986,0.5,0,31630,0
skills,skillopt,eog,itsm,1,1,1,task_20251218_193035_592_391f1eff_5293f595,0.5,0,25971,0
skills,skillopt,eog,itsm,1,1,1,task_20251219_091707_306_ad5a67e3_a76dbe57,1.0,1,45552,0
skills,skillopt,eog,itsm,1,1,1,task_20251221_191123_397_97d7df7d_7196ef19,1.0,1,82163,0
skills,skillopt,eog,itsm,1,1,1,task_20251222_105710_498_391f1eff_8b25dbef,0.5,0,37022,0
skills,skillopt,eog,itsm,1,1,1,task_20251222_195853_743_0be70e35_0916fba8,0.5,0,110514,0
skills,skillopt,eog,itsm,1,1,1,task_20251223_081019_100_d4a463c3_f8774fe4,0.5,0,31138,0
skills,skillopt,eog,itsm,1,1,1,task_20251223_135402_072_c5ca08eb_67009578,0.0,0,18913,0
skills,skillopt,eog,itsm,1,1,1,task_20251223_224508_138_97d7df7d_b4505336,1.0,1,62632,0
skills,skillopt,eog,itsm,1,1,1,task_20260113_125933_225_accab84d_d7ec710e,0.666667,0,151464,0
skills,skillopt,eog,itsm,1,1,1,task_20260114_134336_659_e6427839_91142068,0.6,0,137089,0
skills,skillopt,eog,itsm,1,1,1,task_20260116_101840_488_e6427839_81df8ba3,0.5,0,41668,0
skills,skillopt,eog,itsm,1,1,2,task_20251218_164829_676_97d7df7d_893f6b2c,1.0,1,105398,0
skills,skillopt,eog,itsm,1,1,2,task_20251218_183102_136_391f1eff_ac9a6986,0.5,0,29510,0
skills,skillopt,eog,itsm,1,1,2,task_20251218_193035_592_391f1eff_5293f595,0.5,0,31528,0
skills,skillopt,eog,itsm,1,1,2,task_20251219_091707_306_ad5a67e3_a76dbe57,0.0,0,49938,0
skills,skillopt,eog,itsm,1,1,2,task_20251221_191123_397_97d7df7d_7196ef19,0.333333,0,65693,0
skills,skillopt,eog,itsm,1,1,2,task_20251222_105710_498_391f1eff_8b25dbef,0.5,0,43481,0
skills,skillopt,eog,itsm,1,1,2,task_20251222_195853_743_0be70e35_0916fba8,0.5,0,85213,0
skills,skillopt,eog,itsm,1,1,2,task_20251223_081019_100_d4a463c3_f8774fe4,0.5,0,45022,0
skills,skillopt,eog,itsm,1,1,2,task_20251223_135402_072_c5ca08eb_67009578,0.0,0,24448,0
skills,skillopt,eog,itsm,1,1,2,task_20251223_224508_138_97d7df7d_b4505336,1.0,1,70308,0
skills,skillopt,eog,itsm,1,1,2,task_20260113_125933_225_accab84d_d7ec710e,0.666667,0,120199,0
skills,skillopt,eog,itsm,1,1,2,task_20260114_134336_659_e6427839_91142068,0.6,0,103384,0
skills,skillopt,eog,itsm,1,1,2,task_20260116_101840_488_e6427839_81df8ba3,0.5,0,56248,0
skills,skillopt,eog,itsm,1,1,3,task_20251218_164829_676_97d7df7d_893f6b2c,0.666667,0,127556,0
skills,skillopt,eog,itsm,1,1,3,task_20251218_183102_136_391f1eff_ac9a6986,0.5,0,31749,0
skills,skillopt,eog,itsm,1,1,3,task_20251218_193035_592_391f1eff_5293f595,0.5,0,24494,0
skills,skillopt,eog,itsm,1,1,3,task_20251219_091707_306_ad5a67e3_a76dbe57,1.0,1,59030,0
skills,skillopt,eog,itsm,1,1,3,task_20251221_191123_397_97d7df7d_7196ef19,1.0,1,86223,0
skills,skillopt,eog,itsm,1,1,3,task_20251222_105710_498_391f1eff_8b25dbef,1.0,1,42986,0
skills,skillopt,eog,itsm,1,1,3,task_20251222_195853_743_0be70e35_0916fba8,0.5,0,80452,0
skills,skillopt,eog,itsm,1,1,3,task_20251223_081019_100_d4a463c3_f8774fe4,0.5,0,39521,0
skills,skillopt,eog,itsm,1,1,3,task_20251223_135402_072_c5ca08eb_67009578,0.0,0,29705,0
skills,skillopt,eog,itsm,1,1,3,task_20251223_224508_138_97d7df7d_b4505336,0.5,0,56642,0
skills,skillopt,eog,itsm,1,1,3,task_20260113_125933_225_accab84d_d7ec710e,0.666667,0,108596,0
skills,skillopt,eog,itsm,1,1,3,task_20260114_134336_659_e6427839_91142068,0.6,0,114560,0
skills,skillopt,eog,itsm,1,1,3,task_20260116_101840_488_e6427839_81df8ba3,0.5,0,56659,0
skills,skillopt,eog,itsm,2,1,1,task_20251218_164829_676_97d7df7d_893f6b2c,0.666667,0,123620,0
skills,skillopt,eog,itsm,2,1,1,task_20251218_183102_136_391f1eff_ac9a6986,0.5,0,33305,0
skills,skillopt,eog,itsm,2,1,1,task_20251218_193035_592_391f1eff_5293f595,0.5,0,34858,0
skills,skillopt,eog,itsm,2,1,1,task_20251219_091707_306_ad5a67e3_a76dbe57,0.0,0,37243,0
skills,skillopt,eog,itsm,2,1,1,task_20251221_191123_397_97d7df7d_7196ef19,1.0,1,164326,0
skills,skillopt,eog,itsm,2,1,1,task_20251222_105710_498_391f1eff_8b25dbef,1.0,1,47496,0
skills,skillopt,eog,itsm,2,1,1,task_20251222_195853_743_0be70e35_0916fba8,0.5,0,75409,0
skills,skillopt,eog,itsm,2,1,1,task_20251223_081019_100_d4a463c3_f8774fe4,0.5,0,50121,0
skills,skillopt,eog,itsm,2,1,1,task_20251223_135402_072_c5ca08eb_67009578,0.0,0,21399,0
skills,skillopt,eog,itsm,2,1,1,task_20251223_224508_138_97d7df7d_b4505336,0.5,0,83143,0
skills,skillopt,eog,itsm,2,1,1,task_20260113_125933_225_accab84d_d7ec710e,0.333333,0,141902,0
skills,skillopt,eog,itsm,2,1,1,task_20260114_134336_659_e6427839_91142068,0.6,0,104445,0
skills,skillopt,eog,itsm,2,1,1,task_20260116_101840_488_e6427839_81df8ba3,0.5,0,79339,0
skills,skillopt,eog,itsm,2,1,2,task_20251218_164829_676_97d7df7d_893f6b2c,0.666667,0,103513,0
skills,skillopt,eog,itsm,2,1,2,task_20251218_183102_136_391f1eff_ac9a6986,0.0,0,34001,0
skills,skillopt,eog,itsm,2,1,2,task_20251218_193035_592_391f1eff_5293f595,0.5,0,34323,0
skills,skillopt,eog,itsm,2,1,2,task_20251219_091707_306_ad5a67e3_a76dbe57,1.0,1,94408,0
skills,skillopt,eog,itsm,2,1,2,task_20251221_191123_397_97d7df7d_7196ef19,1.0,1,157382,0
skills,skillopt,eog,itsm,2,1,2,task_20251222_105710_498_391f1eff_8b25dbef,1.0,1,47111,0
skills,skillopt,eog,itsm,2,1,2,task_20251222_195853_743_0be70e35_0916fba8,0.5,0,99662,0
skills,skillopt,eog,itsm,2,1,2,task_20251223_081019_100_d4a463c3_f8774fe4,0.5,0,48931,0
skills,skillopt,eog,itsm,2,1,2,task_20251223_135402_072_c5ca08eb_67009578,0.0,0,33627,0
skills,skillopt,eog,itsm,2,1,2,task_20251223_224508_138_97d7df7d_b4505336,1.0,1,69266,0
skills,skillopt,eog,itsm,2,1,2,task_20260113_125933_225_accab84d_d7ec710e,0.333333,0,168891,0
skills,skillopt,eog,itsm,2,1,2,task_20260114_134336_659_e6427839_91142068,0.6,0,190400,0
skills,skillopt,eog,itsm,2,1,2,task_20260116_101840_488_e6427839_81df8ba3,0.5,0,67885,0
skills,skillopt,eog,itsm,2,1,3,task_20251218_164829_676_97d7df7d_893f6b2c,0.333333,0,91591,0
skills,skillopt,eog,itsm,2,1,3,task_20251218_183102_136_391f1eff_ac9a6986,0.5,0,41851,0
skills,skillopt,eog,itsm,2,1,3,task_20251218_193035_592_391f1eff_5293f595,0.5,0,32809,0
skills,skillopt,eog,itsm,2,1,3,task_20251219_091707_306_ad5a67e3_a76dbe57,1.0,1,64957,0
skills,skillopt,eog,itsm,2,1,3,task_20251221_191123_397_97d7df7d_7196ef19,0.333333,0,161150,0
skills,skillopt,eog,itsm,2,1,3,task_20251222_105710_498_391f1eff_8b25dbef,1.0,1,47308,0
skills,skillopt,eog,itsm,2,1,3,task_20251222_195853_743_0be70e35_0916fba8,0.5,0,98148,0
skills,skillopt,eog,itsm,2,1,3,task_20251223_081019_100_d4a463c3_f8774fe4,0.5,0,50345,0
skills,skillopt,eog,itsm,2,1,3,task_20251223_135402_072_c5ca08eb_67009578,0.0,0,21439,0
skills,skillopt,eog,itsm,2,1,3,task_20251223_224508_138_97d7df7d_b4505336,1.0,1,73915,0
skills,skillopt,eog,itsm,2,1,3,task_20260113_125933_225_accab84d_d7ec710e,0.0,0,129597,0
skills,skillopt,eog,itsm,2,1,3,task_20260114_134336_659_e6427839_91142068,0.6,0,152080,0
skills,skillopt,eog,itsm,2,1,3,task_20260116_101840_488_e6427839_81df8ba3,0.75,0,78883,0
skills,skillopt,eog,itsm,2,2,1,task_20251216_131651_690_764e5ead_f8619b02,1.0,1,71694,0
skills,skillopt,eog,itsm,2,2,1,task_20251217_030654_663_99ba2325_f931fd42,0.0,0,17690,0
skills,skillopt,eog,itsm,2,2,1,task_20251218_082708_201_99ba2325_51726f9c,1.0,1,50460,0
skills,skillopt,eog,itsm,2,2,1,task_20251218_093719_611_764e5ead_5817d09a,1.0,1,152054,0
skills,skillopt,eog,itsm,2,2,1,task_20251218_104259_233_66392a82_74b17170,0.666667,0,58124,0
skills,skillopt,eog,itsm,2,2,1,task_20251218_124419_383_66392a82_52c8290e,1.0,1,39067,0
skills,skillopt,eog,itsm,2,2,1,task_20251218_155314_617_c5ca08eb_3ce3c52f,1.0,1,39537,0
skills,skillopt,eog,itsm,2,2,1,task_20251218_171924_336_ad5a67e3_af252cf6,0.0,0,27382,0
skills,skillopt,eog,itsm,2,2,1,task_20251218_220134_063_391f1eff_30369342,0.5,0,30166,0
skills,skillopt,eog,itsm,2,2,1,task_20251218_234602_633_391f1eff_09a746e7,0.0,0,33336,0
skills,skillopt,eog,itsm,2,2,1,task_20251219_115925_475_1d219d93_53d34d23,0.6,0,113153,0
skills,skillopt,eog,itsm,2,2,1,task_20251222_140957_029_c5ca08eb_3c4271f0,0.5,0,57881,0
skills,skillopt,eog,itsm,2,2,1,task_20251223_064316_340_01395ded_9c6f3e01,0.75,0,95202,0
skills,skillopt,eog,itsm,2,2,1,task_20251223_153021_454_66392a82_0d6d8897,0.75,0,203183,0
skills,skillopt,eog,itsm,2,2,1,task_20260113_153008_006_46ca2862_c5083638,0.5,0,79100,0
skills,skillopt,eog,itsm,2,2,1,task_20260114_173716_566_46ca2862_301e0b47,1.0,1,149406,0
skills,skillopt,eog,itsm,2,2,1,task_20260115_152733_296_46ca2862_55f848d3,0.6,0,93840,0
skills,skillopt,eog,itsm,2,2,1,task_20260116_081645_096_66392a82_fd509f97,0.6,0,83662,0
skills,skillopt,eog,itsm,2,2,1,task_20260116_091935_817_d4a463c3_3f20bdca,1.0,1,27629,0
skills,skillopt,eog,itsm,2,2,1,task_20260116_224538_330_66392a82_10d0806e,0.8,0,186120,0
skills,skillopt,eog,itsm,2,2,2,task_20251216_131651_690_764e5ead_f8619b02,1.0,1,75709,0
skills,skillopt,eog,itsm,2,2,2,task_20251217_030654_663_99ba2325_f931fd42,0.0,0,18197,0
skills,skillopt,eog,itsm,2,2,2,task_20251218_082708_201_99ba2325_51726f9c,1.0,1,50687,0
skills,skillopt,eog,itsm,2,2,2,task_20251218_093719_611_764e5ead_5817d09a,1.0,1,245349,0
skills,skillopt,eog,itsm,2,2,2,task_20251218_104259_233_66392a82_74b17170,1.0,1,47447,0
skills,skillopt,eog,itsm,2,2,2,task_20251218_124419_383_66392a82_52c8290e,0.5,0,39505,0
skills,skillopt,eog,itsm,2,2,2,task_20251218_155314_617_c5ca08eb_3ce3c52f,0.666667,0,39135,0
skills,skillopt,eog,itsm,2,2,2,task_20251218_171924_336_ad5a67e3_af252cf6,0.0,0,28781,0
skills,skillopt,eog,itsm,2,2,2,task_20251218_220134_063_391f1eff_30369342,1.0,1,23134,0
skills,skillopt,eog,itsm,2,2,2,task_20251218_234602_633_391f1eff_09a746e7,0.0,0,27104,0
skills,skillopt,eog,itsm,2,2,2,task_20251219_115925_475_1d219d93_53d34d23,0.6,0,109954,0
skills,skillopt,eog,itsm,2,2,2,task_20251222_140957_029_c5ca08eb_3c4271f0,0.5,0,55618,0
skills,skillopt,eog,itsm,2,2,2,task_20251223_064316_340_01395ded_9c6f3e01,0.75,0,133999,0
skills,skillopt,eog,itsm,2,2,2,task_20251223_153021_454_66392a82_0d6d8897,0.75,0,187910,0
skills,skillopt,eog,itsm,2,2,2,task_20260113_153008_006_46ca2862_c5083638,0.5,0,45813,0
skills,skillopt,eog,itsm,2,2,2,task_20260114_173716_566_46ca2862_301e0b47,1.0,1,75633,0
skills,skillopt,eog,itsm,2,2,2,task_20260115_152733_296_46ca2862_55f848d3,0.6,0,84676,0
skills,skillopt,eog,itsm,2,2,2,task_20260116_081645_096_66392a82_fd509f97,0.6,0,121746,0
skills,skillopt,eog,itsm,2,2,2,task_20260116_091935_817_d4a463c3_3f20bdca,0.666667,0,21467,0
skills,skillopt,eog,itsm,2,2,2,task_20260116_224538_330_66392a82_10d0806e,1.0,1,284760,0
skills,skillopt,eog,itsm,2,2,3,task_20251216_131651_690_764e5ead_f8619b02,1.0,1,69176,0
skills,skillopt,eog,itsm,2,2,3,task_20251217_030654_663_99ba2325_f931fd42,0.0,0,12363,0
skills,skillopt,eog,itsm,2,2,3,task_20251218_082708_201_99ba2325_51726f9c,1.0,1,50241,0
skills,skillopt,eog,itsm,2,2,3,task_20251218_093719_611_764e5ead_5817d09a,1.0,1,201763,0
skills,skillopt,eog,itsm,2,2,3,task_20251218_104259_233_66392a82_74b17170,1.0,1,46215,0
skills,skillopt,eog,itsm,2,2,3,task_20251218_124419_383_66392a82_52c8290e,1.0,1,26923,0
skills,skillopt,eog,itsm,2,2,3,task_20251218_155314_617_c5ca08eb_3ce3c52f,0.666667,0,38533,0
skills,skillopt,eog,itsm,2,2,3,task_20251218_171924_336_ad5a67e3_af252cf6,0.0,0,25307,0
skills,skillopt,eog,itsm,2,2,3,task_20251218_220134_063_391f1eff_30369342,1.0,1,23359,0
skills,skillopt,eog,itsm,2,2,3,task_20251218_234602_633_391f1eff_09a746e7,0.0,0,32342,0
skills,skillopt,eog,itsm,2,2,3,task_20251219_115925_475_1d219d93_53d34d23,0.6,0,109697,0
skills,skillopt,eog,itsm,2,2,3,task_20251222_140957_029_c5ca08eb_3c4271f0,0.5,0,64853,0
skills,skillopt,eog,itsm,2,2,3,task_20251223_064316_340_01395ded_9c6f3e01,0.75,0,102513,0
skills,skillopt,eog,itsm,2,2,3,task_20251223_153021_454_66392a82_0d6d8897,0.5,0,119292,0
skills,skillopt,eog,itsm,2,2,3,task_20260113_153008_006_46ca2862_c5083638,0.5,0,54148,0
skills,skillopt,eog,itsm,2,2,3,task_20260114_173716_566_46ca2862_301e0b47,0.833333,0,86951,0
skills,skillopt,eog,itsm,2,2,3,task_20260115_152733_296_46ca2862_55f848d3,0.6,0,189290,0
skills,skillopt,eog,itsm,2,2,3,task_20260116_081645_096_66392a82_fd509f97,0.6,0,124288,0
skills,skillopt,eog,itsm,2,2,3,task_20260116_091935_817_d4a463c3_3f20bdca,0.666667,0,21233,0
skills,skillopt,eog,itsm,2,2,3,task_20260116_224538_330_66392a82_10d0806e,0.8,0,258261,0
skills,skillopt,eog,itsm,3,1,1,task_20251218_164829_676_97d7df7d_893f6b2c,0.666667,0,114770,0
skills,skillopt,eog,itsm,3,1,1,task_20251218_183102_136_391f1eff_ac9a6986,0.5,0,28948,0
skills,skillopt,eog,itsm,3,1,1,task_20251218_193035_592_391f1eff_5293f595,0.5,0,36499,0
skills,skillopt,eog,itsm,3,1,1,task_20251219_091707_306_ad5a67e3_a76dbe57,1.0,1,44020,0
skills,skillopt,eog,itsm,3,1,1,task_20251221_191123_397_97d7df7d_7196ef19,1.0,1,206247,0
skills,skillopt,eog,itsm,3,1,1,task_20251222_105710_498_391f1eff_8b25dbef,0.5,0,50683,0
skills,skillopt,eog,itsm,3,1,1,task_20251222_195853_743_0be70e35_0916fba8,0.5,0,59404,0
skills,skillopt,eog,itsm,3,1,1,task_20251223_081019_100_d4a463c3_f8774fe4,0.5,0,52247,0
skills,skillopt,eog,itsm,3,1,1,task_20251223_135402_072_c5ca08eb_67009578,0.0,0,30180,0
skills,skillopt,eog,itsm,3,1,1,task_20251223_224508_138_97d7df7d_b4505336,0.5,0,67106,0
skills,skillopt,eog,itsm,3,1,1,task_20260113_125933_225_accab84d_d7ec710e,0.666667,0,168845,0
skills,skillopt,eog,itsm,3,1,1,task_20260114_134336_659_e6427839_91142068,0.6,0,115133,0
skills,skillopt,eog,itsm,3,1,1,task_20260116_101840_488_e6427839_81df8ba3,0.5,0,86932,0
skills,skillopt,eog,itsm,3,1,2,task_20251218_164829_676_97d7df7d_893f6b2c,0.666667,0,112428,0
skills,skillopt,eog,itsm,3,1,2,task_20251218_183102_136_391f1eff_ac9a6986,0.5,0,36060,0
skills,skillopt,eog,itsm,3,1,2,task_20251218_193035_592_391f1eff_5293f595,0.5,0,36778,0
skills,skillopt,eog,itsm,3,1,2,task_20251219_091707_306_ad5a67e3_a76dbe57,0.0,0,30033,0
skills,skillopt,eog,itsm,3,1,2,task_20251221_191123_397_97d7df7d_7196ef19,0.333333,0,99331,0
skills,skillopt,eog,itsm,3,1,2,task_20251222_105710_498_391f1eff_8b25dbef,0.5,0,50732,0
skills,skillopt,eog,itsm,3,1,2,task_20251222_195853_743_0be70e35_0916fba8,0.5,0,63725,0
skills,skillopt,eog,itsm,3,1,2,task_20251223_081019_100_d4a463c3_f8774fe4,0.5,0,54928,0
skills,skillopt,eog,itsm,3,1,2,task_20251223_135402_072_c5ca08eb_67009578,0.0,0,23561,0
skills,skillopt,eog,itsm,3,1,2,task_20251223_224508_138_97d7df7d_b4505336,0.5,0,77064,0
skills,skillopt,eog,itsm,3,1,2,task_20260113_125933_225_accab84d_d7ec710e,1.0,1,177112,0
skills,skillopt,eog,itsm,3,1,2,task_20260114_134336_659_e6427839_91142068,0.6,0,103101,0
skills,skillopt,eog,itsm,3,1,2,task_20260116_101840_488_e6427839_81df8ba3,0.5,0,81368,0
skills,skillopt,eog,itsm,3,1,3,task_20251218_164829_676_97d7df7d_893f6b2c,1.0,1,113265,0
skills,skillopt,eog,itsm,3,1,3,task_20251218_183102_136_391f1eff_ac9a6986,0.5,0,36622,0
skills,skillopt,eog,itsm,3,1,3,task_20251218_193035_592_391f1eff_5293f595,0.0,0,36258,0
skills,skillopt,eog,itsm,3,1,3,task_20251219_091707_306_ad5a67e3_a76dbe57,0.0,0,41565,0
skills,skillopt,eog,itsm,3,1,3,task_20251221_191123_397_97d7df7d_7196ef19,0.333333,0,150757,0
skills,skillopt,eog,itsm,3,1,3,task_20251222_105710_498_391f1eff_8b25dbef,0.5,0,51626,0
skills,skillopt,eog,itsm,3,1,3,task_20251222_195853_743_0be70e35_0916fba8,0.5,0,94706,0
skills,skillopt,eog,itsm,3,1,3,task_20251223_081019_100_d4a463c3_f8774fe4,0.5,0,52064,0
skills,skillopt,eog,itsm,3,1,3,task_20251223_135402_072_c5ca08eb_67009578,0.0,0,23170,0
skills,skillopt,eog,itsm,3,1,3,task_20251223_224508_138_97d7df7d_b4505336,0.5,0,67148,0
skills,skillopt,eog,itsm,3,1,3,task_20260113_125933_225_accab84d_d7ec710e,0.333333,0,162025,0
skills,skillopt,eog,itsm,3,1,3,task_20260114_134336_659_e6427839_91142068,0.6,0,112767,0
skills,skillopt,eog,itsm,3,1,3,task_20260116_101840_488_e6427839_81df8ba3,0.5,0,56805,0
skills,skillopt,eog,itsm,3,2,1,task_20251216_131651_690_764e5ead_f8619b02,1.0,1,79135,0
skills,skillopt,eog,itsm,3,2,1,task_20251217_030654_663_99ba2325_f931fd42,0.0,0,12967,0
skills,skillopt,eog,itsm,3,2,1,task_20251218_082708_201_99ba2325_51726f9c,1.0,1,44505,0
skills,skillopt,eog,itsm,3,2,1,task_20251218_093719_611_764e5ead_5817d09a,1.0,1,194256,0
skills,skillopt,eog,itsm,3,2,1,task_20251218_104259_233_66392a82_74b17170,1.0,1,35176,0
skills,skillopt,eog,itsm,3,2,1,task_20251218_124419_383_66392a82_52c8290e,0.5,0,41475,0
skills,skillopt,eog,itsm,3,2,1,task_20251218_155314_617_c5ca08eb_3ce3c52f,0.666667,0,40482,0
skills,skillopt,eog,itsm,3,2,1,task_20251218_171924_336_ad5a67e3_af252cf6,0.0,0,26891,0
skills,skillopt,eog,itsm,3,2,1,task_20251218_220134_063_391f1eff_30369342,0.5,0,25491,0
skills,skillopt,eog,itsm,3,2,1,task_20251218_234602_633_391f1eff_09a746e7,0.0,0,33750,0
skills,skillopt,eog,itsm,3,2,1,task_20251219_115925_475_1d219d93_53d34d23,0.6,0,105002,0
skills,skillopt,eog,itsm,3,2,1,task_20251222_140957_029_c5ca08eb_3c4271f0,0.5,0,50773,0
skills,skillopt,eog,itsm,3,2,1,task_20251223_064316_340_01395ded_9c6f3e01,0.75,0,105763,0
skills,skillopt,eog,itsm,3,2,1,task_20251223_153021_454_66392a82_0d6d8897,0.75,0,185209,0
skills,skillopt,eog,itsm,3,2,1,task_20260113_153008_006_46ca2862_c5083638,0.5,0,84262,0
skills,skillopt,eog,itsm,3,2,1,task_20260114_173716_566_46ca2862_301e0b47,0.833333,0,161194,0
skills,skillopt,eog,itsm,3,2,1,task_20260115_152733_296_46ca2862_55f848d3,0.6,0,106234,0
skills,skillopt,eog,itsm,3,2,1,task_20260116_081645_096_66392a82_fd509f97,0.6,0,107906,0
skills,skillopt,eog,itsm,3,2,1,task_20260116_091935_817_d4a463c3_3f20bdca,0.666667,0,29947,0
skills,skillopt,eog,itsm,3,2,1,task_20260116_224538_330_66392a82_10d0806e,1.0,1,218848,0
skills,skillopt,eog,itsm,3,2,2,task_20251216_131651_690_764e5ead_f8619b02,1.0,1,84229,0
skills,skillopt,eog,itsm,3,2,2,task_20251217_030654_663_99ba2325_f931fd42,0.0,0,12863,0
skills,skillopt,eog,itsm,3,2,2,task_20251218_082708_201_99ba2325_51726f9c,1.0,1,58563,0
skills,skillopt,eog,itsm,3,2,2,task_20251218_093719_611_764e5ead_5817d09a,1.0,1,267351,0
skills,skillopt,eog,itsm,3,2,2,task_20251218_104259_233_66392a82_74b17170,1.0,1,35121,0
skills,skillopt,eog,itsm,3,2,2,task_20251218_124419_383_66392a82_52c8290e,0.5,0,28414,0
skills,skillopt,eog,itsm,3,2,2,task_20251218_155314_617_c5ca08eb_3ce3c52f,1.0,1,42080,0
skills,skillopt,eog,itsm,3,2,2,task_20251218_171924_336_ad5a67e3_af252cf6,0.0,0,33768,0
skills,skillopt,eog,itsm,3,2,2,task_20251218_220134_063_391f1eff_30369342,0.5,0,24893,0
skills,skillopt,eog,itsm,3,2,2,task_20251218_234602_633_391f1eff_09a746e7,0.0,0,34276,0
skills,skillopt,eog,itsm,3,2,2,task_20251219_115925_475_1d219d93_53d34d23,0.6,0,224814,0
skills,skillopt,eog,itsm,3,2,2,task_20251222_140957_029_c5ca08eb_3c4271f0,0.5,0,59417,0
skills,skillopt,eog,itsm,3,2,2,task_20251223_064316_340_01395ded_9c6f3e01,0.75,0,114950,0
skills,skillopt,eog,itsm,3,2,2,task_20251223_153021_454_66392a82_0d6d8897,0.75,0,141720,0
skills,skillopt,eog,itsm,3,2,2,task_20260113_153008_006_46ca2862_c5083638,0.5,0,59774,0
skills,skillopt,eog,itsm,3,2,2,task_20260114_173716_566_46ca2862_301e0b47,0.833333,0,103757,0
skills,skillopt,eog,itsm,3,2,2,task_20260115_152733_296_46ca2862_55f848d3,0.6,0,110627,0
skills,skillopt,eog,itsm,3,2,2,task_20260116_081645_096_66392a82_fd509f97,0.6,0,107995,0
skills,skillopt,eog,itsm,3,2,2,task_20260116_091935_817_d4a463c3_3f20bdca,0.666667,0,22410,0
skills,skillopt,eog,itsm,3,2,2,task_20260116_224538_330_66392a82_10d0806e,1.0,1,262258,0
skills,skillopt,eog,itsm,3,2,3,task_20251216_131651_690_764e5ead_f8619b02,1.0,1,81064,0
skills,skillopt,eog,itsm,3,2,3,task_20251217_030654_663_99ba2325_f931fd42,0.0,0,18858,0
skills,skillopt,eog,itsm,3,2,3,task_20251218_082708_201_99ba2325_51726f9c,1.0,1,43962,0
skills,skillopt,eog,itsm,3,2,3,task_20251218_093719_611_764e5ead_5817d09a,1.0,1,189702,0
skills,skillopt,eog,itsm,3,2,3,task_20251218_104259_233_66392a82_74b17170,1.0,1,48468,0
skills,skillopt,eog,itsm,3,2,3,task_20251218_124419_383_66392a82_52c8290e,0.5,0,28075,0
skills,skillopt,eog,itsm,3,2,3,task_20251218_155314_617_c5ca08eb_3ce3c52f,1.0,1,33258,0
skills,skillopt,eog,itsm,3,2,3,task_20251218_171924_336_ad5a67e3_af252cf6,0.0,0,47281,0
skills,skillopt,eog,itsm,3,2,3,task_20251218_220134_063_391f1eff_30369342,0.5,0,31646,0
skills,skillopt,eog,itsm,3,2,3,task_20251218_234602_633_391f1eff_09a746e7,0.0,0,40918,0
skills,skillopt,eog,itsm,3,2,3,task_20251219_115925_475_1d219d93_53d34d23,0.6,0,117441,0
skills,skillopt,eog,itsm,3,2,3,task_20251222_140957_029_c5ca08eb_3c4271f0,0.5,0,50606,0
skills,skillopt,eog,itsm,3,2,3,task_20251223_064316_340_01395ded_9c6f3e01,0.75,0,90579,0
skills,skillopt,eog,itsm,3,2,3,task_20251223_153021_454_66392a82_0d6d8897,0.75,0,160045,0
skills,skillopt,eog,itsm,3,2,3,task_20260113_153008_006_46ca2862_c5083638,0.0,0,75187,0
skills,skillopt,eog,itsm,3,2,3,task_20260114_173716_566_46ca2862_301e0b47,1.0,1,113634,0
skills,skillopt,eog,itsm,3,2,3,task_20260115_152733_296_46ca2862_55f848d3,0.6,0,136802,0
skills,skillopt,eog,itsm,3,2,3,task_20260116_081645_096_66392a82_fd509f97,0.6,0,108307,0
skills,skillopt,eog,itsm,3,2,3,task_20260116_091935_817_d4a463c3_3f20bdca,0.666667,0,23473,0
skills,skillopt,eog,itsm,3,2,3,task_20260116_224538_330_66392a82_10d0806e,1.0,1,234937,0
skills,skillopt,eog,itsm,3,3,1,task_20251212_172511_458_e6427839_47076c15,0.0,0,25646,0
skills,skillopt,eog,itsm,3,3,1,task_20251212_191411_655_391f1eff_2fef896f,0.333333,0,108110,0
skills,skillopt,eog,itsm,3,3,1,task_20251212_191815_314_391f1eff_c23d76df,0.333333,0,41900,0
skills,skillopt,eog,itsm,3,3,1,task_20251218_121722_423_1d219d93_8218da6c,1.0,1,133204,0
skills,skillopt,eog,itsm,3,3,1,task_20251219_111447_756_66392a82_1c69521d,1.0,1,33808,0
skills,skillopt,eog,itsm,3,3,1,task_20251219_130920_558_99ba2325_7f9481df,0.666667,0,37784,0
skills,skillopt,eog,itsm,3,3,1,task_20251221_045452_579_99ba2325_0e601eac,0.6,0,72527,0
skills,skillopt,eog,itsm,3,3,1,task_20251221_233237_652_66392a82_c1a599bb,0.666667,0,59070,0
skills,skillopt,eog,itsm,3,3,1,task_20251222_075116_761_30600918_a7f0a69a,0.0,0,34586,0
skills,skillopt,eog,itsm,3,3,1,task_20251222_190928_391_391f1eff_8cb006f5,0.0,0,56511,0
skills,skillopt,eog,itsm,3,3,1,task_20260112_183416_157_a8eea1c0_0d6acfd0,0.6,0,59883,0
skills,skillopt,eog,itsm,3,3,1,task_20260112_194743_238_a8eea1c0_a4b1468a,0.833333,0,155281,0
skills,skillopt,eog,itsm,3,3,1,task_20260113_182216_716_a8eea1c0_7a0619e9,0.333333,0,37917,0
skills,skillopt,eog,itsm,3,3,1,task_20260113_183935_893_e6427839_03a04c19,0.5,0,37170,0
skills,skillopt,eog,itsm,3,3,1,task_20260115_125430_649_fa1836dc_e02d5824,1.0,1,77655,0
skills,skillopt,eog,itsm,3,3,2,task_20251212_172511_458_e6427839_47076c15,0.0,0,24782,0
skills,skillopt,eog,itsm,3,3,2,task_20251212_191411_655_391f1eff_2fef896f,0.333333,0,72616,0
skills,skillopt,eog,itsm,3,3,2,task_20251212_191815_314_391f1eff_c23d76df,0.333333,0,48384,0
skills,skillopt,eog,itsm,3,3,2,task_20251218_121722_423_1d219d93_8218da6c,1.0,1,122736,0
skills,skillopt,eog,itsm,3,3,2,task_20251219_111447_756_66392a82_1c69521d,0.0,0,27135,0
skills,skillopt,eog,itsm,3,3,2,task_20251219_130920_558_99ba2325_7f9481df,0.666667,0,38097,0
skills,skillopt,eog,itsm,3,3,2,task_20251221_045452_579_99ba2325_0e601eac,0.6,0,83327,0
skills,skillopt,eog,itsm,3,3,2,task_20251221_233237_652_66392a82_c1a599bb,0.666667,0,54188,0
skills,skillopt,eog,itsm,3,3,2,task_20251222_075116_761_30600918_a7f0a69a,0.0,0,43204,0
skills,skillopt,eog,itsm,3,3,2,task_20251222_190928_391_391f1eff_8cb006f5,0.25,0,91071,0
skills,skillopt,eog,itsm,3,3,2,task_20260112_183416_157_a8eea1c0_0d6acfd0,0.4,0,54464,0
skills,skillopt,eog,itsm,3,3,2,task_20260112_194743_238_a8eea1c0_a4b1468a,0.833333,0,184525,0
skills,skillopt,eog,itsm,3,3,2,task_20260113_182216_716_a8eea1c0_7a0619e9,0.333333,0,35421,0
skills,skillopt,eog,itsm,3,3,2,task_20260113_183935_893_e6427839_03a04c19,0.5,0,37925,0
skills,skillopt,eog,itsm,3,3,2,task_20260115_125430_649_fa1836dc_e02d5824,1.0,1,66251,0
skills,skillopt,eog,itsm,3,3,3,task_20251212_172511_458_e6427839_47076c15,0.0,0,19185,0
skills,skillopt,eog,itsm,3,3,3,task_20251212_191411_655_391f1eff_2fef896f,0.333333,0,95492,0
skills,skillopt,eog,itsm,3,3,3,task_20251212_191815_314_391f1eff_c23d76df,0.333333,0,52826,0
skills,skillopt,eog,itsm,3,3,3,task_20251218_121722_423_1d219d93_8218da6c,0.857143,0,153046,0
skills,skillopt,eog,itsm,3,3,3,task_20251219_111447_756_66392a82_1c69521d,0.333333,0,27732,0
skills,skillopt,eog,itsm,3,3,3,task_20251219_130920_558_99ba2325_7f9481df,0.666667,0,37548,0
skills,skillopt,eog,itsm,3,3,3,task_20251221_045452_579_99ba2325_0e601eac,0.4,0,49855,0
skills,skillopt,eog,itsm,3,3,3,task_20251221_233237_652_66392a82_c1a599bb,0.666667,0,40478,0
skills,skillopt,eog,itsm,3,3,3,task_20251222_075116_761_30600918_a7f0a69a,0.0,0,43218,0
skills,skillopt,eog,itsm,3,3,3,task_20251222_190928_391_391f1eff_8cb006f5,0.0,0,53594,0
skills,skillopt,eog,itsm,3,3,3,task_20260112_183416_157_a8eea1c0_0d6acfd0,0.6,0,54195,0
skills,skillopt,eog,itsm,3,3,3,task_20260112_194743_238_a8eea1c0_a4b1468a,0.166667,0,148584,0
skills,skillopt,eog,itsm,3,3,3,task_20260113_182216_716_a8eea1c0_7a0619e9,0.333333,0,44000,0
skills,skillopt,eog,itsm,3,3,3,task_20260113_183935_893_e6427839_03a04c19,0.5,0,37603,0
skills,skillopt,eog,itsm,3,3,3,task_20260115_125430_649_fa1836dc_e02d5824,1.0,1,74281,0
skills,skillopt,eog,itsm,4,1,1,task_20251218_164829_676_97d7df7d_893f6b2c,0.666667,0,131678,0
skills,skillopt,eog,itsm,4,1,1,task_20251218_183102_136_391f1eff_ac9a6986,0.5,0,45351,0
skills,skillopt,eog,itsm,4,1,1,task_20251218_193035_592_391f1eff_5293f595,0.5,0,37738,0
skills,skillopt,eog,itsm,4,1,1,task_20251219_091707_306_ad5a67e3_a76dbe57,0.0,0,49316,0
skills,skillopt,eog,itsm,4,1,1,task_20251221_191123_397_97d7df7d_7196ef19,0.333333,0,154512,0
skills,skillopt,eog,itsm,4,1,1,task_20251222_105710_498_391f1eff_8b25dbef,0.5,0,59466,0
skills,skillopt,eog,itsm,4,1,1,task_20251222_195853_743_0be70e35_0916fba8,0.5,0,91631,0
skills,skillopt,eog,itsm,4,1,1,task_20251223_081019_100_d4a463c3_f8774fe4,0.5,0,65362,0
skills,skillopt,eog,itsm,4,1,1,task_20251223_135402_072_c5ca08eb_67009578,0.0,0,38260,0
skills,skillopt,eog,itsm,4,1,1,task_20251223_224508_138_97d7df7d_b4505336,1.0,1,77308,0
skills,skillopt,eog,itsm,4,1,1,task_20260113_125933_225_accab84d_d7ec710e,0.333333,0,168372,0
skills,skillopt,eog,itsm,4,1,1,task_20260114_134336_659_e6427839_91142068,0.6,0,135566,0
skills,skillopt,eog,itsm,4,1,1,task_20260116_101840_488_e6427839_81df8ba3,0.75,0,86805,0
skills,skillopt,eog,itsm,4,1,2,task_20251218_164829_676_97d7df7d_893f6b2c,0.666667,0,104088,0
skills,skillopt,eog,itsm,4,1,2,task_20251218_183102_136_391f1eff_ac9a6986,0.5,0,37632,0
skills,skillopt,eog,itsm,4,1,2,task_20251218_193035_592_391f1eff_5293f595,0.5,0,37936,0
skills,skillopt,eog,itsm,4,1,2,task_20251219_091707_306_ad5a67e3_a76dbe57,0.0,0,57638,0
skills,skillopt,eog,itsm,4,1,2,task_20251221_191123_397_97d7df7d_7196ef19,1.0,1,148920,0
skills,skillopt,eog,itsm,4,1,2,task_20251222_105710_498_391f1eff_8b25dbef,1.0,1,50133,0
skills,skillopt,eog,itsm,4,1,2,task_20251222_195853_743_0be70e35_0916fba8,0.5,0,90834,0
skills,skillopt,eog,itsm,4,1,2,task_20251223_081019_100_d4a463c3_f8774fe4,0.5,0,65382,0
skills,skillopt,eog,itsm,4,1,2,task_20251223_135402_072_c5ca08eb_67009578,0.0,0,38009,0
skills,skillopt,eog,itsm,4,1,2,task_20251223_224508_138_97d7df7d_b4505336,1.0,1,97055,0
skills,skillopt,eog,itsm,4,1,2,task_20260113_125933_225_accab84d_d7ec710e,0.333333,0,177811,0
skills,skillopt,eog,itsm,4,1,2,task_20260114_134336_659_e6427839_91142068,0.6,0,141562,0
skills,skillopt,eog,itsm,4,1,2,task_20260116_101840_488_e6427839_81df8ba3,1.0,1,90964,0
skills,skillopt,eog,itsm,4,1,3,task_20251218_164829_676_97d7df7d_893f6b2c,0.333333,0,108369,0
skills,skillopt,eog,itsm,4,1,3,task_20251218_183102_136_391f1eff_ac9a6986,0.5,0,38447,0
skills,skillopt,eog,itsm,4,1,3,task_20251218_193035_592_391f1eff_5293f595,0.5,0,45406,0
skills,skillopt,eog,itsm,4,1,3,task_20251219_091707_306_ad5a67e3_a76dbe57,0.0,0,71020,0
skills,skillopt,eog,itsm,4,1,3,task_20251221_191123_397_97d7df7d_7196ef19,0.333333,0,183244,0
skills,skillopt,eog,itsm,4,1,3,task_20251222_105710_498_391f1eff_8b25dbef,1.0,1,51487,0
skills,skillopt,eog,itsm,4,1,3,task_20251222_195853_743_0be70e35_0916fba8,0.5,0,119562,0
skills,skillopt,eog,itsm,4,1,3,task_20251223_081019_100_d4a463c3_f8774fe4,0.5,0,63989,0
skills,skillopt,eog,itsm,4,1,3,task_20251223_135402_072_c5ca08eb_67009578,0.0,0,37219,0
skills,skillopt,eog,itsm,4,1,3,task_20251223_224508_138_97d7df7d_b4505336,0.5,0,83224,0
skills,skillopt,eog,itsm,4,1,3,task_20260113_125933_225_accab84d_d7ec710e,0.666667,0,214110,0
skills,skillopt,eog,itsm,4,1,3,task_20260114_134336_659_e6427839_91142068,0.6,0,98987,0
skills,skillopt,eog,itsm,4,1,3,task_20260116_101840_488_e6427839_81df8ba3,0.75,0,110446,0
skills,skillopt,eog,itsm,4,2,1,task_20251216_131651_690_764e5ead_f8619b02,1.0,1,92333,0
skills,skillopt,eog,itsm,4,2,1,task_20251217_030654_663_99ba2325_f931fd42,0.0,0,16238,0
skills,skillopt,eog,itsm,4,2,1,task_20251218_082708_201_99ba2325_51726f9c,1.0,1,53097,0
skills,skillopt,eog,itsm,4,2,1,task_20251218_093719_611_764e5ead_5817d09a,1.0,1,224253,0
skills,skillopt,eog,itsm,4,2,1,task_20251218_104259_233_66392a82_74b17170,1.0,1,49703,0
skills,skillopt,eog,itsm,4,2,1,task_20251218_124419_383_66392a82_52c8290e,1.0,1,34882,0
skills,skillopt,eog,itsm,4,2,1,task_20251218_155314_617_c5ca08eb_3ce3c52f,1.0,1,48793,0
skills,skillopt,eog,itsm,4,2,1,task_20251218_171924_336_ad5a67e3_af252cf6,0.0,0,57296,0
skills,skillopt,eog,itsm,4,2,1,task_20251218_220134_063_391f1eff_30369342,0.5,0,32490,0
skills,skillopt,eog,itsm,4,2,1,task_20251218_234602_633_391f1eff_09a746e7,0.0,0,33914,0
skills,skillopt,eog,itsm,4,2,1,task_20251219_115925_475_1d219d93_53d34d23,0.6,0,107651,0
skills,skillopt,eog,itsm,4,2,1,task_20251222_140957_029_c5ca08eb_3c4271f0,0.5,0,70973,0
skills,skillopt,eog,itsm,4,2,1,task_20251223_064316_340_01395ded_9c6f3e01,0.75,0,119108,0
skills,skillopt,eog,itsm,4,2,1,task_20251223_153021_454_66392a82_0d6d8897,0.75,0,243520,0
skills,skillopt,eog,itsm,4,2,1,task_20260113_153008_006_46ca2862_c5083638,0.5,0,86831,0
skills,skillopt,eog,itsm,4,2,1,task_20260114_173716_566_46ca2862_301e0b47,0.833333,0,136137,0
skills,skillopt,eog,itsm,4,2,1,task_20260115_152733_296_46ca2862_55f848d3,0.6,0,121594,0
skills,skillopt,eog,itsm,4,2,1,task_20260116_081645_096_66392a82_fd509f97,0.6,0,128043,0
skills,skillopt,eog,itsm,4,2,1,task_20260116_091935_817_d4a463c3_3f20bdca,0.666667,0,26785,0
skills,skillopt,eog,itsm,4,2,1,task_20260116_224538_330_66392a82_10d0806e,1.0,1,257442,0
skills,skillopt,eog,itsm,4,2,2,task_20251216_131651_690_764e5ead_f8619b02,0.666667,0,90466,0
skills,skillopt,eog,itsm,4,2,2,task_20251217_030654_663_99ba2325_f931fd42,0.0,0,16348,0
skills,skillopt,eog,itsm,4,2,2,task_20251218_082708_201_99ba2325_51726f9c,1.0,1,45381,0
skills,skillopt,eog,itsm,4,2,2,task_20251218_093719_611_764e5ead_5817d09a,1.0,1,276252,0
skills,skillopt,eog,itsm,4,2,2,task_20251218_104259_233_66392a82_74b17170,1.0,1,41468,0
skills,skillopt,eog,itsm,4,2,2,task_20251218_124419_383_66392a82_52c8290e,1.0,1,44736,0
skills,skillopt,eog,itsm,4,2,2,task_20251218_155314_617_c5ca08eb_3ce3c52f,0.666667,0,48577,0
skills,skillopt,eog,itsm,4,2,2,task_20251218_171924_336_ad5a67e3_af252cf6,0.333333,0,33260,0
skills,skillopt,eog,itsm,4,2,2,task_20251218_220134_063_391f1eff_30369342,1.0,1,40881,0
skills,skillopt,eog,itsm,4,2,2,task_20251218_234602_633_391f1eff_09a746e7,0.0,0,31927,0
skills,skillopt,eog,itsm,4,2,2,task_20251219_115925_475_1d219d93_53d34d23,0.6,0,124440,0
skills,skillopt,eog,itsm,4,2,2,task_20251222_140957_029_c5ca08eb_3c4271f0,0.5,0,86743,0
skills,skillopt,eog,itsm,4,2,2,task_20251223_064316_340_01395ded_9c6f3e01,0.75,0,145203,0
skills,skillopt,eog,itsm,4,2,2,task_20251223_153021_454_66392a82_0d6d8897,0.75,0,164827,0
skills,skillopt,eog,itsm,4,2,2,task_20260113_153008_006_46ca2862_c5083638,1.0,1,96870,0
skills,skillopt,eog,itsm,4,2,2,task_20260114_173716_566_46ca2862_301e0b47,0.833333,0,102937,0
skills,skillopt,eog,itsm,4,2,2,task_20260115_152733_296_46ca2862_55f848d3,0.6,0,188293,0
skills,skillopt,eog,itsm,4,2,2,task_20260116_081645_096_66392a82_fd509f97,0.6,0,126786,0
skills,skillopt,eog,itsm,4,2,2,task_20260116_091935_817_d4a463c3_3f20bdca,0.666667,0,27577,0
skills,skillopt,eog,itsm,4,2,2,task_20260116_224538_330_66392a82_10d0806e,1.0,1,278600,0
skills,skillopt,eog,itsm,4,2,3,task_20251216_131651_690_764e5ead_f8619b02,1.0,1,111023,0
skills,skillopt,eog,itsm,4,2,3,task_20251217_030654_663_99ba2325_f931fd42,0.0,0,16478,0
skills,skillopt,eog,itsm,4,2,3,task_20251218_082708_201_99ba2325_51726f9c,1.0,1,54704,0
skills,skillopt,eog,itsm,4,2,3,task_20251218_093719_611_764e5ead_5817d09a,1.0,1,259579,0
skills,skillopt,eog,itsm,4,2,3,task_20251218_104259_233_66392a82_74b17170,0.666667,0,53505,0
skills,skillopt,eog,itsm,4,2,3,task_20251218_124419_383_66392a82_52c8290e,1.0,1,42796,0
skills,skillopt,eog,itsm,4,2,3,task_20251218_155314_617_c5ca08eb_3ce3c52f,0.666667,0,47935,0
skills,skillopt,eog,itsm,4,2,3,task_20251218_171924_336_ad5a67e3_af252cf6,0.333333,0,33566,0
skills,skillopt,eog,itsm,4,2,3,task_20251218_220134_063_391f1eff_30369342,0.5,0,32187,0
skills,skillopt,eog,itsm,4,2,3,task_20251218_234602_633_391f1eff_09a746e7,0.0,0,33451,0
skills,skillopt,eog,itsm,4,2,3,task_20251219_115925_475_1d219d93_53d34d23,1.0,1,268986,0
skills,skillopt,eog,itsm,4,2,3,task_20251222_140957_029_c5ca08eb_3c4271f0,0.5,0,61671,0
skills,skillopt,eog,itsm,4,2,3,task_20251223_064316_340_01395ded_9c6f3e01,1.0,1,143106,0
skills,skillopt,eog,itsm,4,2,3,task_20251223_153021_454_66392a82_0d6d8897,0.75,0,208468,0
skills,skillopt,eog,itsm,4,2,3,task_20260113_153008_006_46ca2862_c5083638,0.0,0,76166,0
skills,skillopt,eog,itsm,4,2,3,task_20260114_173716_566_46ca2862_301e0b47,0.833333,0,87562,0
skills,skillopt,eog,itsm,4,2,3,task_20260115_152733_296_46ca2862_55f848d3,1.0,1,219571,0
skills,skillopt,eog,itsm,4,2,3,task_20260116_081645_096_66392a82_fd509f97,0.6,0,114633,0
skills,skillopt,eog,itsm,4,2,3,task_20260116_091935_817_d4a463c3_3f20bdca,0.666667,0,27126,0
skills,skillopt,eog,itsm,4,2,3,task_20260116_224538_330_66392a82_10d0806e,1.0,1,300851,0
skills,skillopt,eog,itsm,4,3,1,task_20251212_172511_458_e6427839_47076c15,0.0,0,22923,0
skills,skillopt,eog,itsm,4,3,1,task_20251212_191411_655_391f1eff_2fef896f,0.333333,0,89632,0
skills,skillopt,eog,itsm,4,3,1,task_20251212_191815_314_391f1eff_c23d76df,0.666667,0,77784,0
skills,skillopt,eog,itsm,4,3,1,task_20251218_121722_423_1d219d93_8218da6c,0.857143,0,177656,0
skills,skillopt,eog,itsm,4,3,1,task_20251219_111447_756_66392a82_1c69521d,0.0,0,33097,0
skills,skillopt,eog,itsm,4,3,1,task_20251219_130920_558_99ba2325_7f9481df,0.666667,0,38006,0
skills,skillopt,eog,itsm,4,3,1,task_20251221_045452_579_99ba2325_0e601eac,0.8,0,86560,0
skills,skillopt,eog,itsm,4,3,1,task_20251221_233237_652_66392a82_c1a599bb,0.666667,0,53983,0
skills,skillopt,eog,itsm,4,3,1,task_20251222_075116_761_30600918_a7f0a69a,0.0,0,73407,0
skills,skillopt,eog,itsm,4,3,1,task_20251222_190928_391_391f1eff_8cb006f5,0.5,0,97389,0
skills,skillopt,eog,itsm,4,3,1,task_20260112_183416_157_a8eea1c0_0d6acfd0,0.6,0,64126,0
skills,skillopt,eog,itsm,4,3,1,task_20260112_194743_238_a8eea1c0_a4b1468a,0.833333,0,167102,0
skills,skillopt,eog,itsm,4,3,1,task_20260113_182216_716_a8eea1c0_7a0619e9,0.666667,0,42520,0
skills,skillopt,eog,itsm,4,3,1,task_20260113_183935_893_e6427839_03a04c19,0.5,0,46450,0
skills,skillopt,eog,itsm,4,3,1,task_20260115_125430_649_fa1836dc_e02d5824,1.0,1,74052,0
skills,skillopt,eog,itsm,4,3,2,task_20251212_172511_458_e6427839_47076c15,0.0,0,32166,0
skills,skillopt,eog,itsm,4,3,2,task_20251212_191411_655_391f1eff_2fef896f,0.333333,0,87641,0
skills,skillopt,eog,itsm,4,3,2,task_20251212_191815_314_391f1eff_c23d76df,0.333333,0,58234,0
skills,skillopt,eog,itsm,4,3,2,task_20251218_121722_423_1d219d93_8218da6c,0.857143,0,145314,0
skills,skillopt,eog,itsm,4,3,2,task_20251219_111447_756_66392a82_1c69521d,0.666667,0,39971,0
skills,skillopt,eog,itsm,4,3,2,task_20251219_130920_558_99ba2325_7f9481df,1.0,1,64725,0
skills,skillopt,eog,itsm,4,3,2,task_20251221_045452_579_99ba2325_0e601eac,0.6,0,109161,0
skills,skillopt,eog,itsm,4,3,2,task_20251221_233237_652_66392a82_c1a599bb,0.666667,0,40157,0
skills,skillopt,eog,itsm,4,3,2,task_20251222_075116_761_30600918_a7f0a69a,0.0,0,53123,0
skills,skillopt,eog,itsm,4,3,2,task_20251222_190928_391_391f1eff_8cb006f5,0.5,0,75895,0
skills,skillopt,eog,itsm,4,3,2,task_20260112_183416_157_a8eea1c0_0d6acfd0,0.6,0,55516,0
skills,skillopt,eog,itsm,4,3,2,task_20260112_194743_238_a8eea1c0_a4b1468a,0.166667,0,158335,0
skills,skillopt,eog,itsm,4,3,2,task_20260113_182216_716_a8eea1c0_7a0619e9,0.666667,0,52559,0
skills,skillopt,eog,itsm,4,3,2,task_20260113_183935_893_e6427839_03a04c19,0.5,0,55490,0
skills,skillopt,eog,itsm,4,3,2,task_20260115_125430_649_fa1836dc_e02d5824,1.0,1,126401,0
skills,skillopt,eog,itsm,4,3,3,task_20251212_172511_458_e6427839_47076c15,0.5,0,32288,0
skills,skillopt,eog,itsm,4,3,3,task_20251212_191411_655_391f1eff_2fef896f,0.333333,0,100574,0
skills,skillopt,eog,itsm,4,3,3,task_20251212_191815_314_391f1eff_c23d76df,0.666667,0,79323,0
skills,skillopt,eog,itsm,4,3,3,task_20251218_121722_423_1d219d93_8218da6c,1.0,1,160508,0
skills,skillopt,eog,itsm,4,3,3,task_20251219_111447_756_66392a82_1c69521d,0.666667,0,39285,0
skills,skillopt,eog,itsm,4,3,3,task_20251219_130920_558_99ba2325_7f9481df,1.0,1,75403,0
skills,skillopt,eog,itsm,4,3,3,task_20251221_045452_579_99ba2325_0e601eac,0.8,0,105377,0
skills,skillopt,eog,itsm,4,3,3,task_20251221_233237_652_66392a82_c1a599bb,0.666667,0,69858,0
skills,skillopt,eog,itsm,4,3,3,task_20251222_075116_761_30600918_a7f0a69a,0.0,0,62387,0
skills,skillopt,eog,itsm,4,3,3,task_20251222_190928_391_391f1eff_8cb006f5,0.5,0,90634,0
skills,skillopt,eog,itsm,4,3,3,task_20260112_183416_157_a8eea1c0_0d6acfd0,0.6,0,66538,0
skills,skillopt,eog,itsm,4,3,3,task_20260112_194743_238_a8eea1c0_a4b1468a,1.0,1,160446,0
skills,skillopt,eog,itsm,4,3,3,task_20260113_182216_716_a8eea1c0_7a0619e9,0.666667,0,43121,0
skills,skillopt,eog,itsm,4,3,3,task_20260113_183935_893_e6427839_03a04c19,0.5,0,46224,0
skills,skillopt,eog,itsm,4,3,3,task_20260115_125430_649_fa1836dc_e02d5824,1.0,1,87804,0
skills,skillopt,eog,itsm,4,4,1,task_20251217_183416_700_764e5ead_4c46beb0,0.0,0,45955,0
skills,skillopt,eog,itsm,4,4,1,task_20251217_205244_161_764e5ead_20429ef8,0.875,0,87748,0
skills,skillopt,eog,itsm,4,4,1,task_20251218_061956_641_109c89c0_423ed8ee,0.166667,0,157668,0
skills,skillopt,eog,itsm,4,4,1,task_20251218_114039_038_66392a82_c66d4f22,0.666667,0,85424,0
skills,skillopt,eog,itsm,4,4,1,task_20251218_143555_095_97d7df7d_ece487bd,1.0,1,52132,0
skills,skillopt,eog,itsm,4,4,1,task_20251219_174851_846_764e5ead_250f05e1,0.142857,0,244269,0
skills,skillopt,eog,itsm,4,4,1,task_20251221_222834_884_97d7df7d_c088062a,0.666667,0,85122,0
skills,skillopt,eog,itsm,4,4,1,task_20251222_084449_326_66392a82_cadddb04,0.0,0,114352,0
skills,skillopt,eog,itsm,4,4,1,task_20260112_181636_272_c4ad7a70_c9cdfa29,0.75,0,56657,0
skills,skillopt,eog,itsm,4,4,1,task_20260113_151550_104_a8eea1c0_7e9733a5,0.333333,0,89971,0
skills,skillopt,eog,itsm,4,4,1,task_20260116_235649_372_66392a82_ccb66a9a,0.5,0,94228,0
skills,skillopt,eog,itsm,4,4,2,task_20251217_183416_700_764e5ead_4c46beb0,0.0,0,47510,0
skills,skillopt,eog,itsm,4,4,2,task_20251217_205244_161_764e5ead_20429ef8,0.875,0,80433,0
skills,skillopt,eog,itsm,4,4,2,task_20251218_061956_641_109c89c0_423ed8ee,0.166667,0,169316,0
skills,skillopt,eog,itsm,4,4,2,task_20251218_114039_038_66392a82_c66d4f22,0.666667,0,106709,0
skills,skillopt,eog,itsm,4,4,2,task_20251218_143555_095_97d7df7d_ece487bd,1.0,1,63017,0
skills,skillopt,eog,itsm,4,4,2,task_20251219_174851_846_764e5ead_250f05e1,0.428571,0,186390,0
skills,skillopt,eog,itsm,4,4,2,task_20251221_222834_884_97d7df7d_c088062a,0.666667,0,84242,0
skills,skillopt,eog,itsm,4,4,2,task_20251222_084449_326_66392a82_cadddb04,0.0,0,123689,0
skills,skillopt,eog,itsm,4,4,2,task_20260112_181636_272_c4ad7a70_c9cdfa29,0.75,0,65052,0
skills,skillopt,eog,itsm,4,4,2,task_20260113_151550_104_a8eea1c0_7e9733a5,0.666667,0,79596,0
skills,skillopt,eog,itsm,4,4,2,task_20260116_235649_372_66392a82_ccb66a9a,0.5,0,92265,0
skills,skillopt,eog,itsm,4,4,3,task_20251217_183416_700_764e5ead_4c46beb0,1.0,1,93097,0
skills,skillopt,eog,itsm,4,4,3,task_20251217_205244_161_764e5ead_20429ef8,0.75,0,151685,0
skills,skillopt,eog,itsm,4,4,3,task_20251218_061956_641_109c89c0_423ed8ee,0.166667,0,202124,0
skills,skillopt,eog,itsm,4,4,3,task_20251218_114039_038_66392a82_c66d4f22,0.666667,0,87861,0
skills,skillopt,eog,itsm,4,4,3,task_20251218_143555_095_97d7df7d_ece487bd,0.5,0,70762,0
skills,skillopt,eog,itsm,4,4,3,task_20251219_174851_846_764e5ead_250f05e1,0.428571,0,166165,0
skills,skillopt,eog,itsm,4,4,3,task_20251221_222834_884_97d7df7d_c088062a,0.666667,0,97897,0
skills,skillopt,eog,itsm,4,4,3,task_20251222_084449_326_66392a82_cadddb04,0.5,0,100613,0
skills,skillopt,eog,itsm,4,4,3,task_20260112_181636_272_c4ad7a70_c9cdfa29,1.0,1,65839,0
skills,skillopt,eog,itsm,4,4,3,task_20260113_151550_104_a8eea1c0_7e9733a5,0.333333,0,59397,0
skills,skillopt,eog,itsm,4,4,3,task_20260116_235649_372_66392a82_ccb66a9a,0.5,0,100086,0
