track,arm,method,benchmark,stream,adapt_stage,scope,evaluated_cohorts,score_pct,score_std_pct,pass_pct,pass_std_pct,num_runs,tasks_per_run
tools,gepa,GEPA,eog,calendar,1,seen_cohorts,1,71.652984,1.260297,37.931034,2.815505,3,1:29;2:29;3:29
tools,gepa,GEPA,eog,calendar,2,seen_cohorts,1;2,69.770044,0.766258,37.606838,1.20873,3,1:39;2:39;3:39
tools,gepa,GEPA,eog,calendar,3,seen_cohorts,1;2;3,70.954227,1.299616,34.108527,2.192579,3,1:43;2:43;3:43
tools,gepa,GEPA,eog,csm,1,seen_cohorts,1,45.128208,2.264554,20.512821,3.626189,3,1:13;2:13;3:13
tools,gepa,GEPA,eog,csm,2,seen_cohorts,1;2,53.209878,1.152633,27.160494,4.61933,3,1:27;2:27;3:27
tools,gepa,GEPA,eog,csm,3,seen_cohorts,1;2;3,62.402906,1.911168,34.751773,3.616326,3,1:47;2:47;3:47
tools,gepa,GEPA,eog,csm,4,seen_cohorts,1;2;3;4,62.316866,1.099373,29.107981,2.894091,3,1:71;2:71;3:71
tools,gepa,GEPA,eog,drive,1,seen_cohorts,1,66.918445,1.27647,36.781609,1.625533,3,1:29;2:29;3:29
tools,gepa,GEPA,eog,drive,2,seen_cohorts,1;2,73.010322,1.114274,43.589744,2.093581,3,1:39;2:39;3:39
tools,gepa,GEPA,eog,drive,3,seen_cohorts,1;2;3,76.056279,1.769397,46.666667,1.814437,3,1:45;2:45;3:45
tools,gepa,GEPA,eog,email,1,seen_cohorts,1,66.666667,9.42809,50.0,0.0,3,1:2;2:2;3:2
tools,gepa,GEPA,eog,email,2,seen_cohorts,1;2,73.710321,6.216429,45.833333,5.892557,3,1:8;2:8;3:8
tools,gepa,GEPA,eog,email,3,seen_cohorts,1;2;3,69.444447,3.861813,51.111111,3.142697,3,1:15;2:15;3:15
tools,gepa,GEPA,eog,email,4,seen_cohorts,1;2;3;4,65.811289,2.183296,41.975309,1.745943,3,1:27;2:27;3:27
tools,gepa,GEPA,eog,email,5,seen_cohorts,1;2;3;4;5,70.069448,1.186628,48.333333,1.178511,3,1:40;2:40;3:40
tools,gepa,GEPA,eog,email,6,seen_cohorts,1;2;3;4;5;6,70.591789,1.269438,49.275362,1.024792,3,1:46;2:46;3:46
tools,gepa,GEPA,eog,hr,1,seen_cohorts,1,68.571427,5.219121,36.666667,12.472191,3,1:10;2:10;3:10
tools,gepa,GEPA,eog,hr,2,seen_cohorts,1;2,51.981829,3.531552,20.289855,2.049585,3,1:23;2:23;3:23
tools,gepa,GEPA,eog,hr,3,seen_cohorts,1;2;3,66.615965,0.814605,26.388889,3.540986,3,1:48;2:48;3:48
tools,gepa,GEPA,eog,hr,4,seen_cohorts,1;2;3;4,72.179127,0.81038,36.190476,2.428105,3,1:70;2:70;3:70
tools,gepa,GEPA,eog,hr,5,seen_cohorts,1;2;3;4;5,63.306882,1.391341,20.37037,2.360657,3,1:72;2:72;3:72
tools,gepa,GEPA,eog,hybrid,1,seen_cohorts,1,55.706018,1.07782,25.0,0.0,3,1:24;2:24;3:24
tools,gepa,GEPA,eog,hybrid,2,seen_cohorts,1;2,59.949357,1.704241,24.761905,3.563483,3,1:35;2:35;3:35
tools,gepa,GEPA,eog,hybrid,3,seen_cohorts,1;2;3,59.175387,1.175333,22.727273,1.855674,3,1:44;2:44;3:44
tools,gepa,GEPA,eog,hybrid,4,seen_cohorts,1;2;3;4,59.853197,1.735235,27.868852,2.677038,3,1:61;2:61;3:61
tools,gepa,GEPA,eog,itsm,1,seen_cohorts,1,61.956018,4.112123,32.638889,6.440013,3,1:48;2:48;3:48
tools,gepa,GEPA,eog,itsm,2,seen_cohorts,1;2,61.491845,0.748811,30.555556,3.142697,3,1:60;2:60;3:60
tools,gepa,GEPA,eog,itsm,3,seen_cohorts,1;2;3,61.347032,2.807095,27.39726,4.032768,3,1:73;2:73;3:73
tools,gepa,GEPA,eog,teams,1,seen_cohorts,1,66.763588,3.135853,31.666667,6.236096,3,1:20;2:20;3:20
tools,gepa,GEPA,eog,teams,2,seen_cohorts,1;2,67.274589,0.806034,22.580645,4.561979,3,1:31;2:31;3:31
tools,gepa,GEPA,eog,teams,3,seen_cohorts,1;2;3,71.994756,1.347606,36.036036,3.370863,3,1:37;2:37;3:37
tools,gepa,GEPA,eog,teams,4,seen_cohorts,1;2;3;4,71.525333,1.523581,32.55814,3.797659,3,1:43;2:43;3:43
tools,gepa,GEPA,ale,ale,1,seen_cohorts,1,33.457263,2.598032,6.862745,1.386484,3,1:34;2:34;3:34
tools,gepa,GEPA,ale,ale,2,seen_cohorts,1;2,32.846536,3.065313,7.894737,2.148675,3,1:38;2:38;3:38
tools,gepa,GEPA,ale,ale,3,seen_cohorts,1;2;3,37.15538,1.331132,12.5,2.041241,3,1:40;2:40;3:40
tools,gepa,GEPA,ale,ale,4,seen_cohorts,1;2;3;4,29.956696,0.522145,7.971014,1.024792,3,1:46;2:46;3:46
tools,gepa,GEPA,ale,ale,5,seen_cohorts,1;2;3;4;5,30.86287,1.446381,11.111111,0.0,3,1:63;2:63;3:63
