track,arm,method,benchmark,stream,adapt_stage,eval_cohort,regime,score_pct,score_std_pct,pass_pct,pass_std_pct,num_runs,tasks_per_run
tools,memtoolagent,MemToolAgent,eog,calendar,1,1,diagonal,70.541872,1.137873,36.781609,1.625533,3,1:29;2:29;3:29
tools,memtoolagent,MemToolAgent,eog,calendar,2,1,retention,68.013138,4.235755,39.08046,1.625533,3,1:29;2:29;3:29
tools,memtoolagent,MemToolAgent,eog,calendar,2,2,diagonal,76.111117,0.392836,43.333333,4.714045,3,1:10;2:10;3:10
tools,memtoolagent,MemToolAgent,eog,calendar,3,1,retention,71.001643,1.628242,37.931034,2.815505,3,1:29;2:29;3:29
tools,memtoolagent,MemToolAgent,eog,calendar,3,2,retention,75.000007,4.249184,40.0,8.164966,3,1:10;2:10;3:10
tools,memtoolagent,MemToolAgent,eog,calendar,3,3,diagonal,82.14285,0.0,58.333333,11.785113,3,1:4;2:4;3:4
tools,memtoolagent,MemToolAgent,eog,csm,1,1,diagonal,35.128203,0.725238,15.384615,0.0,3,1:13;2:13;3:13
tools,memtoolagent,MemToolAgent,eog,csm,2,1,retention,33.589744,4.455932,10.25641,7.252377,3,1:13;2:13;3:13
tools,memtoolagent,MemToolAgent,eog,csm,2,2,diagonal,74.20635,2.676735,47.619048,3.367175,3,1:14;2:14;3:14
tools,memtoolagent,MemToolAgent,eog,csm,3,1,retention,37.521367,2.41746,17.948718,3.626189,3,1:13;2:13;3:13
tools,memtoolagent,MemToolAgent,eog,csm,3,2,retention,69.484126,2.926299,38.095238,3.367175,3,1:14;2:14;3:14
tools,memtoolagent,MemToolAgent,eog,csm,3,3,diagonal,67.896828,5.86065,30.0,4.082483,3,1:20;2:20;3:20
tools,memtoolagent,MemToolAgent,eog,csm,4,1,retention,46.666669,4.181922,28.205128,9.593993,3,1:13;2:13;3:13
tools,memtoolagent,MemToolAgent,eog,csm,4,2,retention,65.238093,4.374089,28.571429,5.832118,3,1:14;2:14;3:14
tools,memtoolagent,MemToolAgent,eog,csm,4,3,retention,67.424605,2.93552,33.333333,2.357023,3,1:20;2:20;3:20
tools,memtoolagent,MemToolAgent,eog,csm,4,4,diagonal,61.894844,2.969647,27.777778,3.928371,3,1:24;2:24;3:24
tools,memtoolagent,MemToolAgent,eog,drive,1,1,diagonal,69.53202,1.920491,39.08046,3.251066,3,1:29;2:29;3:29
tools,memtoolagent,MemToolAgent,eog,drive,2,1,retention,70.106731,0.274356,40.229885,1.625533,3,1:29;2:29;3:29
tools,memtoolagent,MemToolAgent,eog,drive,2,2,diagonal,82.05484,7.400981,53.333333,4.714045,3,1:10;2:10;3:10
tools,memtoolagent,MemToolAgent,eog,drive,3,1,retention,70.681445,1.241521,40.229885,1.625533,3,1:29;2:29;3:29
tools,memtoolagent,MemToolAgent,eog,drive,3,2,retention,75.832617,6.30796,46.666667,9.42809,3,1:10;2:10;3:10
tools,memtoolagent,MemToolAgent,eog,drive,3,3,diagonal,92.5926,5.237823,77.777778,15.713484,3,1:6;2:6;3:6
tools,memtoolagent,MemToolAgent,eog,email,1,1,diagonal,80.0,0.0,50.0,0.0,3,1:2;2:2;3:2
tools,memtoolagent,MemToolAgent,eog,email,2,1,retention,66.666667,9.42809,50.0,0.0,3,1:2;2:2;3:2
tools,memtoolagent,MemToolAgent,eog,email,2,2,diagonal,85.185189,1.30946,61.111111,7.856742,3,1:6;2:6;3:6
tools,memtoolagent,MemToolAgent,eog,email,3,1,retention,80.0,0.0,50.0,0.0,3,1:2;2:2;3:2
tools,memtoolagent,MemToolAgent,eog,email,3,2,retention,84.259261,1.30946,55.555556,7.856742,3,1:6;2:6;3:6
tools,memtoolagent,MemToolAgent,eog,email,3,3,diagonal,71.428571,0.0,57.142857,0.0,3,1:7;2:7;3:7
tools,memtoolagent,MemToolAgent,eog,email,4,1,retention,73.333333,9.42809,50.0,0.0,3,1:2;2:2;3:2
tools,memtoolagent,MemToolAgent,eog,email,4,2,retention,83.465611,2.10812,50.0,13.608276,3,1:6;2:6;3:6
tools,memtoolagent,MemToolAgent,eog,email,4,3,retention,65.079362,4.489569,47.619048,6.73435,3,1:7;2:7;3:7
tools,memtoolagent,MemToolAgent,eog,email,4,4,diagonal,65.462964,5.103524,27.777778,7.856742,3,1:12;2:12;3:12
tools,memtoolagent,MemToolAgent,eog,email,5,1,retention,86.666667,9.42809,66.666667,23.570226,3,1:2;2:2;3:2
tools,memtoolagent,MemToolAgent,eog,email,5,2,retention,82.804239,1.30946,44.444444,7.856742,3,1:6;2:6;3:6
tools,memtoolagent,MemToolAgent,eog,email,5,3,retention,65.079362,4.489569,47.619048,6.73435,3,1:7;2:7;3:7
tools,memtoolagent,MemToolAgent,eog,email,5,4,retention,66.296294,0.729075,33.333333,0.0,3,1:12;2:12;3:12
tools,memtoolagent,MemToolAgent,eog,email,5,5,diagonal,65.726497,5.575899,41.025641,9.593993,3,1:13;2:13;3:13
tools,memtoolagent,MemToolAgent,eog,email,6,1,retention,86.666667,9.42809,66.666667,23.570226,3,1:2;2:2;3:2
tools,memtoolagent,MemToolAgent,eog,email,6,2,retention,82.804239,1.30946,44.444444,7.856742,3,1:6;2:6;3:6
tools,memtoolagent,MemToolAgent,eog,email,6,3,retention,65.079362,4.489569,47.619048,6.73435,3,1:7;2:7;3:7
tools,memtoolagent,MemToolAgent,eog,email,6,4,retention,61.296294,3.995453,22.222222,7.856742,3,1:12;2:12;3:12
tools,memtoolagent,MemToolAgent,eog,email,6,5,retention,74.786326,2.30611,53.846154,0.0,3,1:13;2:13;3:13
tools,memtoolagent,MemToolAgent,eog,email,6,6,diagonal,92.592594,1.30946,83.333333,0.0,3,1:6;2:6;3:6
tools,memtoolagent,MemToolAgent,eog,hr,1,1,diagonal,71.428573,3.247185,50.0,8.164966,3,1:10;2:10;3:10
tools,memtoolagent,MemToolAgent,eog,hr,2,1,retention,73.968253,4.04801,50.0,8.164966,3,1:10;2:10;3:10
tools,memtoolagent,MemToolAgent,eog,hr,2,2,diagonal,57.606846,1.662006,25.641026,3.626189,3,1:13;2:13;3:13
tools,memtoolagent,MemToolAgent,eog,hr,3,1,retention,80.43651,9.187686,60.0,8.164966,3,1:10;2:10;3:10
tools,memtoolagent,MemToolAgent,eog,hr,3,2,retention,52.941592,7.23627,15.384615,6.280743,3,1:13;2:13;3:13
tools,memtoolagent,MemToolAgent,eog,hr,3,3,diagonal,72.563495,0.682369,25.333333,4.988877,3,1:25;2:25;3:25
tools,memtoolagent,MemToolAgent,eog,hr,4,1,retention,82.261903,4.741022,63.333333,9.42809,3,1:10;2:10;3:10
tools,memtoolagent,MemToolAgent,eog,hr,4,2,retention,56.260682,3.783077,28.205128,7.252377,3,1:13;2:13;3:13
tools,memtoolagent,MemToolAgent,eog,hr,4,3,retention,76.519051,2.631977,38.666667,3.771236,3,1:25;2:25;3:25
tools,memtoolagent,MemToolAgent,eog,hr,4,4,diagonal,77.545656,2.662429,40.909091,7.422696,3,1:22;2:22;3:22
tools,memtoolagent,MemToolAgent,eog,hr,5,1,retention,83.57143,4.113607,66.666667,4.714045,3,1:10;2:10;3:10
tools,memtoolagent,MemToolAgent,eog,hr,5,2,retention,60.66239,4.037958,28.205128,3.626189,3,1:13;2:13;3:13
tools,memtoolagent,MemToolAgent,eog,hr,5,3,retention,77.748681,1.050847,40.0,0.0,3,1:25;2:25;3:25
tools,memtoolagent,MemToolAgent,eog,hr,5,4,retention,80.828485,0.952149,46.969697,2.142748,3,1:22;2:22;3:22
tools,memtoolagent,MemToolAgent,eog,hr,5,5,diagonal,52.5,0.0,0.0,0.0,3,1:2;2:2;3:2
tools,memtoolagent,MemToolAgent,eog,hybrid,1,1,diagonal,56.446758,2.041506,27.777778,1.964186,3,1:24;2:24;3:24
tools,memtoolagent,MemToolAgent,eog,hybrid,2,1,retention,58.252314,1.864537,29.166667,3.402069,3,1:24;2:24;3:24
tools,memtoolagent,MemToolAgent,eog,hybrid,2,2,diagonal,74.157048,1.756618,36.363636,0.0,3,1:11;2:11;3:11
tools,memtoolagent,MemToolAgent,eog,hybrid,3,1,retention,58.067128,2.960069,30.555556,5.196746,3,1:24;2:24;3:24
tools,memtoolagent,MemToolAgent,eog,hybrid,3,2,retention,79.615203,2.124645,39.393939,4.285496,3,1:11;2:11;3:11
tools,memtoolagent,MemToolAgent,eog,hybrid,3,3,diagonal,64.814811,1.134023,25.925926,5.237828,3,1:9;2:9;3:9
tools,memtoolagent,MemToolAgent,eog,hybrid,4,1,retention,58.171294,1.825111,31.944444,1.964186,3,1:24;2:24;3:24
tools,memtoolagent,MemToolAgent,eog,hybrid,4,2,retention,83.394664,1.460922,48.484848,4.285496,3,1:11;2:11;3:11
tools,memtoolagent,MemToolAgent,eog,hybrid,4,3,retention,64.660493,2.786341,22.222222,0.0,3,1:9;2:9;3:9
tools,memtoolagent,MemToolAgent,eog,hybrid,4,4,diagonal,61.92811,2.792062,25.490196,2.772968,3,1:17;2:17;3:17
tools,memtoolagent,MemToolAgent,eog,itsm,1,1,diagonal,62.189706,0.727298,33.333333,1.701035,3,1:48;2:48;3:48
tools,memtoolagent,MemToolAgent,eog,itsm,2,1,retention,63.176257,0.943623,33.333333,1.701035,3,1:48;2:48;3:48
tools,memtoolagent,MemToolAgent,eog,itsm,2,2,diagonal,39.259264,3.668232,11.111111,3.928371,3,1:12;2:12;3:12
tools,memtoolagent,MemToolAgent,eog,itsm,3,1,retention,63.686342,1.765947,34.722222,2.598373,3,1:48;2:48;3:48
tools,memtoolagent,MemToolAgent,eog,itsm,3,2,retention,45.740747,5.677294,8.333333,0.0,3,1:12;2:12;3:12
tools,memtoolagent,MemToolAgent,eog,itsm,3,3,diagonal,43.614156,3.531883,7.692308,0.0,3,1:13;2:13;3:13
tools,memtoolagent,MemToolAgent,eog,teams,1,1,diagonal,71.108345,1.302961,36.666667,2.357023,3,1:20;2:20;3:20
tools,memtoolagent,MemToolAgent,eog,teams,2,1,retention,71.27513,3.073544,43.333333,4.714045,3,1:20;2:20;3:20
tools,memtoolagent,MemToolAgent,eog,teams,2,2,diagonal,70.648148,1.489162,60.606061,8.570991,3,1:11;2:11;3:11
tools,memtoolagent,MemToolAgent,eog,teams,3,1,retention,76.672678,3.216871,60.0,8.164966,3,1:20;2:20;3:20
tools,memtoolagent,MemToolAgent,eog,teams,3,2,retention,72.222224,0.357123,66.666667,4.285496,3,1:11;2:11;3:11
tools,memtoolagent,MemToolAgent,eog,teams,3,3,diagonal,93.333333,2.283121,77.777778,7.856742,3,1:6;2:6;3:6
tools,memtoolagent,MemToolAgent,eog,teams,4,1,retention,75.145503,0.951856,56.666667,2.357023,3,1:20;2:20;3:20
tools,memtoolagent,MemToolAgent,eog,teams,4,2,retention,80.555555,6.340847,72.727273,0.0,3,1:11;2:11;3:11
tools,memtoolagent,MemToolAgent,eog,teams,4,3,retention,94.907411,1.964186,77.777778,7.856742,3,1:6;2:6;3:6
tools,memtoolagent,MemToolAgent,eog,teams,4,4,diagonal,82.275139,7.081972,22.222222,7.856742,3,1:6;2:6;3:6
tools,memtoolagent,MemToolAgent,ale,ale,1,1,diagonal,22.960483,2.535359,5.882353,0.0,3,1:34;2:34;3:34
tools,memtoolagent,MemToolAgent,ale,ale,2,1,retention,31.192907,4.120629,9.803922,1.386484,3,1:34;2:34;3:34
tools,memtoolagent,MemToolAgent,ale,ale,2,2,diagonal,32.491667,0.011785,0.0,0.0,3,1:4;2:4;3:4
tools,memtoolagent,MemToolAgent,ale,ale,3,1,retention,31.444191,1.964989,3.921569,2.772968,3,1:34;2:34;3:34
tools,memtoolagent,MemToolAgent,ale,ale,3,2,retention,34.933333,14.189511,25.0,20.412415,3,1:4;2:4;3:4
tools,memtoolagent,MemToolAgent,ale,ale,3,3,diagonal,16.666667,23.570226,16.666667,23.570226,3,1:2;2:2;3:2
tools,memtoolagent,MemToolAgent,ale,ale,4,1,retention,22.803804,3.984001,4.901961,2.772968,3,1:34;2:34;3:34
tools,memtoolagent,MemToolAgent,ale,ale,4,2,retention,50.658333,9.003711,25.0,20.412415,3,1:4;2:4;3:4
tools,memtoolagent,MemToolAgent,ale,ale,4,3,retention,16.666667,23.570226,16.666667,23.570226,3,1:2;2:2;3:2
tools,memtoolagent,MemToolAgent,ale,ale,4,4,diagonal,18.753517,3.76436,11.111111,7.856742,3,1:6;2:6;3:6
tools,memtoolagent,MemToolAgent,ale,ale,5,1,retention,29.908468,0.368597,7.843137,1.386484,3,1:34;2:34;3:34
tools,memtoolagent,MemToolAgent,ale,ale,5,2,retention,34.958333,19.626813,16.666667,11.785113,3,1:4;2:4;3:4
tools,memtoolagent,MemToolAgent,ale,ale,5,3,retention,16.666667,23.570226,16.666667,23.570226,3,1:2;2:2;3:2
tools,memtoolagent,MemToolAgent,ale,ale,5,4,retention,14.976667,7.43157,11.111111,7.856742,3,1:6;2:6;3:6
tools,memtoolagent,MemToolAgent,ale,ale,5,5,diagonal,20.212025,6.213475,11.764706,4.802921,3,1:17;2:17;3:17
